object,split,label,image,mask
pcb1,train,normal,pcb1/Data/Images/Normal/pcb1_train_0000.jpg,
pcb1,train,normal,pcb1/Data/Images/Normal/pcb1_train_0001.jpg,
pcb1,train,normal,pcb1/Data/Images/Normal/pcb1_train_0002.jpg,
pcb1,train,normal,pcb1/Data/Images/Normal/pcb1_train_0003.jpg,
pcb1,train,normal,pcb1/Data/Images/Normal/pcb1_train_0004.jpg,
pcb1,train,normal,pcb1/Data/Images/Normal/pcb1_train_0005.jpg,
pcb1,train,normal,pcb1/Data/Images/Normal/pcb1_train_0006.jpg,
pcb1,train,normal,pcb1/Data/Images/Normal/pcb1_train_0007.jpg,
pcb1,train,normal,pcb1/Data/Images/Normal/pcb1_train_0008.jpg,
pcb1,train,normal,pcb1/Data/Images/Normal/pcb1_train_0009.jpg,
pcb1,train,normal,pcb1/Data/Images/Normal/pcb1_train_0010.jpg,
pcb1,train,normal,pcb1/Data/Images/Normal/pcb1_train_0011.jpg,
pcb1,train,normal,pcb1/Data/Images/Normal/pcb1_train_0012.jpg,
pcb1,train,normal,pcb1/Data/Images/Normal/pcb1_train_0013.jpg,
pcb1,train,normal,pcb1/Data/Images/Normal/pcb1_train_0014.jpg,
pcb1,train,normal,pcb1/Data/Images/Normal/pcb1_train_0015.jpg,
pcb1,train,normal,pcb1/Data/Images/Normal/pcb1_train_0016.jpg,
pcb1,train,normal,pcb1/Data/Images/Normal/pcb1_train_0017.jpg,
pcb1,train,normal,pcb1/Data/Images/Normal/pcb1_train_0018.jpg,
pcb1,train,normal,pcb1/Data/Images/Normal/pcb1_train_0019.jpg,
pcb1,train,normal,pcb1/Data/Images/Normal/pcb1_train_0020.jpg,
pcb1,train,normal,pcb1/Data/Images/Normal/pcb1_train_0021.jpg,
pcb1,train,normal,pcb1/Data/Images/Normal/pcb1_train_0022.jpg,
pcb1,train,normal,pcb1/Data/Images/Normal/pcb1_train_0023.jpg,
pcb1,train,normal,pcb1/Data/Images/Normal/pcb1_train_0024.jpg,
pcb1,train,normal,pcb1/Data/Images/Normal/pcb1_train_0025.jpg,
pcb1,train,normal,pcb1/Data/Images/Normal/pcb1_train_0026.jpg,
pcb1,train,normal,pcb1/Data/Images/Normal/pcb1_train_0027.jpg,
pcb1,train,normal,pcb1/Data/Images/Normal/pcb1_train_0028.jpg,
pcb1,train,normal,pcb1/Data/Images/Normal/pcb1_train_0029.jpg,
pcb1,train,normal,pcb1/Data/Images/Normal/pcb1_train_0030.jpg,
pcb1,train,normal,pcb1/Data/Images/Normal/pcb1_train_0031.jpg,
pcb1,train,normal,pcb1/Data/Images/Normal/pcb1_train_0032.jpg,
pcb1,train,normal,pcb1/Data/Images/Normal/pcb1_train_0033.jpg,
pcb1,train,normal,pcb1/Data/Images/Normal/pcb1_train_0034.jpg,
pcb1,train,normal,pcb1/Data/Images/Normal/pcb1_train_0035.jpg,
pcb1,train,normal,pcb1/Data/Images/Normal/pcb1_train_0036.jpg,
pcb1,train,normal,pcb1/Data/Images/Normal/pcb1_train_0037.jpg,
pcb1,train,normal,pcb1/Data/Images/Normal/pcb1_train_0038.jpg,
pcb1,train,normal,pcb1/Data/Images/Normal/pcb1_train_0039.jpg,
pcb1,train,normal,pcb1/Data/Images/Normal/pcb1_train_0040.jpg,
pcb1,train,normal,pcb1/Data/Images/Normal/pcb1_train_0041.jpg,
pcb1,train,normal,pcb1/Data/Images/Normal/pcb1_train_0042.jpg,
pcb1,train,normal,pcb1/Data/Images/Normal/pcb1_train_0043.jpg,
pcb1,train,normal,pcb1/Data/Images/Normal/pcb1_train_0044.jpg,
pcb1,train,normal,pcb1/Data/Images/Normal/pcb1_train_0045.jpg,
pcb1,train,normal,pcb1/Data/Images/Normal/pcb1_train_0046.jpg,
pcb1,train,normal,pcb1/Data/Images/Normal/pcb1_train_0047.jpg,
pcb1,train,normal,pcb1/Data/Images/Normal/pcb1_train_0048.jpg,
pcb1,train,normal,pcb1/Data/Images/Normal/pcb1_train_0049.jpg,
pcb1,train,normal,pcb1/Data/Images/Normal/pcb1_train_0050.jpg,
pcb1,train,normal,pcb1/Data/Images/Normal/pcb1_train_0051.jpg,
pcb1,train,normal,pcb1/Data/Images/Normal/pcb1_train_0052.jpg,
pcb1,train,normal,pcb1/Data/Images/Normal/pcb1_train_0053.jpg,
pcb1,train,normal,pcb1/Data/Images/Normal/pcb1_train_0054.jpg,
pcb1,train,normal,pcb1/Data/Images/Normal/pcb1_train_0055.jpg,
pcb1,train,normal,pcb1/Data/Images/Normal/pcb1_train_0056.jpg,
pcb1,train,normal,pcb1/Data/Images/Normal/pcb1_train_0057.jpg,
pcb1,train,normal,pcb1/Data/Images/Normal/pcb1_train_0058.jpg,
pcb1,train,normal,pcb1/Data/Images/Normal/pcb1_train_0059.jpg,
pcb1,train,normal,pcb1/Data/Images/Normal/pcb1_train_0060.jpg,
pcb1,train,normal,pcb1/Data/Images/Normal/pcb1_train_0061.jpg,
pcb1,train,normal,pcb1/Data/Images/Normal/pcb1_train_0062.jpg,
pcb1,train,normal,pcb1/Data/Images/Normal/pcb1_train_0063.jpg,
pcb1,train,normal,pcb1/Data/Images/Normal/pcb1_train_0064.jpg,
pcb1,train,normal,pcb1/Data/Images/Normal/pcb1_train_0065.jpg,
pcb1,train,normal,pcb1/Data/Images/Normal/pcb1_train_0066.jpg,
pcb1,train,normal,pcb1/Data/Images/Normal/pcb1_train_0067.jpg,
pcb1,train,normal,pcb1/Data/Images/Normal/pcb1_train_0068.jpg,
pcb1,train,normal,pcb1/Data/Images/Normal/pcb1_train_0069.jpg,
pcb1,train,normal,pcb1/Data/Images/Normal/pcb1_train_0070.jpg,
pcb1,train,normal,pcb1/Data/Images/Normal/pcb1_train_0071.jpg,
pcb1,train,normal,pcb1/Data/Images/Normal/pcb1_train_0072.jpg,
pcb1,train,normal,pcb1/Data/Images/Normal/pcb1_train_0073.jpg,
pcb1,train,normal,pcb1/Data/Images/Normal/pcb1_train_0074.jpg,
pcb1,train,normal,pcb1/Data/Images/Normal/pcb1_train_0075.jpg,
pcb1,train,normal,pcb1/Data/Images/Normal/pcb1_train_0076.jpg,
pcb1,train,normal,pcb1/Data/Images/Normal/pcb1_train_0077.jpg,
pcb1,train,normal,pcb1/Data/Images/Normal/pcb1_train_0078.jpg,
pcb1,train,normal,pcb1/Data/Images/Normal/pcb1_train_0079.jpg,
pcb1,train,normal,pcb1/Data/Images/Normal/pcb1_train_0080.jpg,
pcb1,train,normal,pcb1/Data/Images/Normal/pcb1_train_0081.jpg,
pcb1,train,normal,pcb1/Data/Images/Normal/pcb1_train_0082.jpg,
pcb1,train,normal,pcb1/Data/Images/Normal/pcb1_train_0083.jpg,
pcb1,train,normal,pcb1/Data/Images/Normal/pcb1_train_0084.jpg,
pcb1,train,normal,pcb1/Data/Images/Normal/pcb1_train_0085.jpg,
pcb1,train,normal,pcb1/Data/Images/Normal/pcb1_train_0086.jpg,
pcb1,train,normal,pcb1/Data/Images/Normal/pcb1_train_0087.jpg,
pcb1,train,normal,pcb1/Data/Images/Normal/pcb1_train_0088.jpg,
pcb1,train,normal,pcb1/Data/Images/Normal/pcb1_train_0089.jpg,
pcb1,train,normal,pcb1/Data/Images/Normal/pcb1_train_0090.jpg,
pcb1,train,normal,pcb1/Data/Images/Normal/pcb1_train_0091.jpg,
pcb1,train,normal,pcb1/Data/Images/Normal/pcb1_train_0092.jpg,
pcb1,train,normal,pcb1/Data/Images/Normal/pcb1_train_0093.jpg,
pcb1,train,normal,pcb1/Data/Images/Normal/pcb1_train_0094.jpg,
pcb1,train,normal,pcb1/Data/Images/Normal/pcb1_train_0095.jpg,
pcb1,train,normal,pcb1/Data/Images/Normal/pcb1_train_0096.jpg,
pcb1,train,normal,pcb1/Data/Images/Normal/pcb1_train_0097.jpg,
pcb1,train,normal,pcb1/Data/Images/Normal/pcb1_train_0098.jpg,
pcb1,train,normal,pcb1/Data/Images/Normal/pcb1_train_0099.jpg,
pcb1,train,normal,pcb1/Data/Images/Normal/pcb1_train_0100.jpg,
pcb1,train,normal,pcb1/Data/Images/Normal/pcb1_train_0101.jpg,
pcb1,train,normal,pcb1/Data/Images/Normal/pcb1_train_0102.jpg,
pcb1,train,normal,pcb1/Data/Images/Normal/pcb1_train_0103.jpg,
pcb1,train,normal,pcb1/Data/Images/Normal/pcb1_train_0104.jpg,
pcb1,train,normal,pcb1/Data/Images/Normal/pcb1_train_0105.jpg,
pcb1,train,normal,pcb1/Data/Images/Normal/pcb1_train_0106.jpg,
pcb1,train,normal,pcb1/Data/Images/Normal/pcb1_train_0107.jpg,
pcb1,train,normal,pcb1/Data/Images/Normal/pcb1_train_0108.jpg,
pcb1,train,normal,pcb1/Data/Images/Normal/pcb1_train_0109.jpg,
pcb1,train,normal,pcb1/Data/Images/Normal/pcb1_train_0110.jpg,
pcb1,train,normal,pcb1/Data/Images/Normal/pcb1_train_0111.jpg,
pcb1,train,normal,pcb1/Data/Images/Normal/pcb1_train_0112.jpg,
pcb1,train,normal,pcb1/Data/Images/Normal/pcb1_train_0113.jpg,
pcb1,train,normal,pcb1/Data/Images/Normal/pcb1_train_0114.jpg,
pcb1,train,normal,pcb1/Data/Images/Normal/pcb1_train_0115.jpg,
pcb1,train,normal,pcb1/Data/Images/Normal/pcb1_train_0116.jpg,
pcb1,train,normal,pcb1/Data/Images/Normal/pcb1_train_0117.jpg,
pcb1,train,normal,pcb1/Data/Images/Normal/pcb1_train_0118.jpg,
pcb1,train,normal,pcb1/Data/Images/Normal/pcb1_train_0119.jpg,
pcb1,train,normal,pcb1/Data/Images/Normal/pcb1_train_0120.jpg,
pcb1,train,normal,pcb1/Data/Images/Normal/pcb1_train_0121.jpg,
pcb1,train,normal,pcb1/Data/Images/Normal/pcb1_train_0122.jpg,
pcb1,train,normal,pcb1/Data/Images/Normal/pcb1_train_0123.jpg,
pcb1,train,normal,pcb1/Data/Images/Normal/pcb1_train_0124.jpg,
pcb1,train,normal,pcb1/Data/Images/Normal/pcb1_train_0125.jpg,
pcb1,train,normal,pcb1/Data/Images/Normal/pcb1_train_0126.jpg,
pcb1,train,normal,pcb1/Data/Images/Normal/pcb1_train_0127.jpg,
pcb1,train,normal,pcb1/Data/Images/Normal/pcb1_train_0128.jpg,
pcb1,train,normal,pcb1/Data/Images/Normal/pcb1_train_0129.jpg,
pcb1,train,normal,pcb1/Data/Images/Normal/pcb1_train_0130.jpg,
pcb1,train,normal,pcb1/Data/Images/Normal/pcb1_train_0131.jpg,
pcb1,train,normal,pcb1/Data/Images/Normal/pcb1_train_0132.jpg,
pcb1,train,normal,pcb1/Data/Images/Normal/pcb1_train_0133.jpg,
pcb1,train,normal,pcb1/Data/Images/Normal/pcb1_train_0134.jpg,
pcb1,train,normal,pcb1/Data/Images/Normal/pcb1_train_0135.jpg,
pcb1,train,normal,pcb1/Data/Images/Normal/pcb1_train_0136.jpg,
pcb1,train,normal,pcb1/Data/Images/Normal/pcb1_train_0137.jpg,
pcb1,train,normal,pcb1/Data/Images/Normal/pcb1_train_0138.jpg,
pcb1,train,normal,pcb1/Data/Images/Normal/pcb1_train_0139.jpg,
pcb1,train,normal,pcb1/Data/Images/Normal/pcb1_train_0140.jpg,
pcb1,train,normal,pcb1/Data/Images/Normal/pcb1_train_0141.jpg,
pcb1,train,normal,pcb1/Data/Images/Normal/pcb1_train_0142.jpg,
pcb1,train,normal,pcb1/Data/Images/Normal/pcb1_train_0143.jpg,
pcb1,train,normal,pcb1/Data/Images/Normal/pcb1_train_0144.jpg,
pcb1,train,normal,pcb1/Data/Images/Normal/pcb1_train_0145.jpg,
pcb1,train,normal,pcb1/Data/Images/Normal/pcb1_train_0146.jpg,
pcb1,train,normal,pcb1/Data/Images/Normal/pcb1_train_0147.jpg,
pcb1,train,normal,pcb1/Data/Images/Normal/pcb1_train_0148.jpg,
pcb1,train,normal,pcb1/Data/Images/Normal/pcb1_train_0149.jpg,
pcb1,train,normal,pcb1/Data/Images/Normal/pcb1_train_0150.jpg,
pcb1,train,normal,pcb1/Data/Images/Normal/pcb1_train_0151.jpg,
pcb1,train,normal,pcb1/Data/Images/Normal/pcb1_train_0152.jpg,
pcb1,train,normal,pcb1/Data/Images/Normal/pcb1_train_0153.jpg,
pcb1,train,normal,pcb1/Data/Images/Normal/pcb1_train_0154.jpg,
pcb1,train,normal,pcb1/Data/Images/Normal/pcb1_train_0155.jpg,
pcb1,train,normal,pcb1/Data/Images/Normal/pcb1_train_0156.jpg,
pcb1,train,normal,pcb1/Data/Images/Normal/pcb1_train_0157.jpg,
pcb1,train,normal,pcb1/Data/Images/Normal/pcb1_train_0158.jpg,
pcb1,train,normal,pcb1/Data/Images/Normal/pcb1_train_0159.jpg,
pcb1,train,normal,pcb1/Data/Images/Normal/pcb1_train_0160.jpg,
pcb1,train,normal,pcb1/Data/Images/Normal/pcb1_train_0161.jpg,
pcb1,train,normal,pcb1/Data/Images/Normal/pcb1_train_0162.jpg,
pcb1,train,normal,pcb1/Data/Images/Normal/pcb1_train_0163.jpg,
pcb1,train,normal,pcb1/Data/Images/Normal/pcb1_train_0164.jpg,
pcb1,train,normal,pcb1/Data/Images/Normal/pcb1_train_0165.jpg,
pcb1,train,normal,pcb1/Data/Images/Normal/pcb1_train_0166.jpg,
pcb1,train,normal,pcb1/Data/Images/Normal/pcb1_train_0167.jpg,
pcb1,train,normal,pcb1/Data/Images/Normal/pcb1_train_0168.jpg,
pcb1,train,normal,pcb1/Data/Images/Normal/pcb1_train_0169.jpg,
pcb1,train,normal,pcb1/Data/Images/Normal/pcb1_train_0170.jpg,
pcb1,train,normal,pcb1/Data/Images/Normal/pcb1_train_0171.jpg,
pcb1,train,normal,pcb1/Data/Images/Normal/pcb1_train_0172.jpg,
pcb1,train,normal,pcb1/Data/Images/Normal/pcb1_train_0173.jpg,
pcb1,train,normal,pcb1/Data/Images/Normal/pcb1_train_0174.jpg,
pcb1,train,normal,pcb1/Data/Images/Normal/pcb1_train_0175.jpg,
pcb1,train,normal,pcb1/Data/Images/Normal/pcb1_train_0176.jpg,
pcb1,train,normal,pcb1/Data/Images/Normal/pcb1_train_0177.jpg,
pcb1,train,normal,pcb1/Data/Images/Normal/pcb1_train_0178.jpg,
pcb1,train,normal,pcb1/Data/Images/Normal/pcb1_train_0179.jpg,
pcb1,train,normal,pcb1/Data/Images/Normal/pcb1_train_0180.jpg,
pcb1,train,normal,pcb1/Data/Images/Normal/pcb1_train_0181.jpg,
pcb1,train,normal,pcb1/Data/Images/Normal/pcb1_train_0182.jpg,
pcb1,train,normal,pcb1/Data/Images/Normal/pcb1_train_0183.jpg,
pcb1,train,normal,pcb1/Data/Images/Normal/pcb1_train_0184.jpg,
pcb1,train,normal,pcb1/Data/Images/Normal/pcb1_train_0185.jpg,
pcb1,train,normal,pcb1/Data/Images/Normal/pcb1_train_0186.jpg,
pcb1,train,normal,pcb1/Data/Images/Normal/pcb1_train_0187.jpg,
pcb1,train,normal,pcb1/Data/Images/Normal/pcb1_train_0188.jpg,
pcb1,train,normal,pcb1/Data/Images/Normal/pcb1_train_0189.jpg,
pcb1,train,normal,pcb1/Data/Images/Normal/pcb1_train_0190.jpg,
pcb1,train,normal,pcb1/Data/Images/Normal/pcb1_train_0191.jpg,
pcb1,train,normal,pcb1/Data/Images/Normal/pcb1_train_0192.jpg,
pcb1,train,normal,pcb1/Data/Images/Normal/pcb1_train_0193.jpg,
pcb1,train,normal,pcb1/Data/Images/Normal/pcb1_train_0194.jpg,
pcb1,train,normal,pcb1/Data/Images/Normal/pcb1_train_0195.jpg,
pcb1,train,normal,pcb1/Data/Images/Normal/pcb1_train_0196.jpg,
pcb1,train,normal,pcb1/Data/Images/Normal/pcb1_train_0197.jpg,
pcb1,train,normal,pcb1/Data/Images/Normal/pcb1_train_0198.jpg,
pcb1,train,normal,pcb1/Data/Images/Normal/pcb1_train_0199.jpg,
pcb1,train,normal,pcb1/Data/Images/Normal/pcb1_train_0200.jpg,
pcb1,train,normal,pcb1/Data/Images/Normal/pcb1_train_0201.jpg,
pcb1,train,normal,pcb1/Data/Images/Normal/pcb1_train_0202.jpg,
pcb1,train,normal,pcb1/Data/Images/Normal/pcb1_train_0203.jpg,
pcb1,train,normal,pcb1/Data/Images/Normal/pcb1_train_0204.jpg,
pcb1,train,normal,pcb1/Data/Images/Normal/pcb1_train_0205.jpg,
pcb1,train,normal,pcb1/Data/Images/Normal/pcb1_train_0206.jpg,
pcb1,train,normal,pcb1/Data/Images/Normal/pcb1_train_0207.jpg,
pcb1,train,normal,pcb1/Data/Images/Normal/pcb1_train_0208.jpg,
pcb1,train,normal,pcb1/Data/Images/Normal/pcb1_train_0209.jpg,
pcb1,train,normal,pcb1/Data/Images/Normal/pcb1_train_0210.jpg,
pcb1,train,normal,pcb1/Data/Images/Normal/pcb1_train_0211.jpg,
pcb1,train,normal,pcb1/Data/Images/Normal/pcb1_train_0212.jpg,
pcb1,train,normal,pcb1/Data/Images/Normal/pcb1_train_0213.jpg,
pcb1,train,normal,pcb1/Data/Images/Normal/pcb1_train_0214.jpg,
pcb1,train,normal,pcb1/Data/Images/Normal/pcb1_train_0215.jpg,
pcb1,train,normal,pcb1/Data/Images/Normal/pcb1_train_0216.jpg,
pcb1,train,normal,pcb1/Data/Images/Normal/pcb1_train_0217.jpg,
pcb1,train,normal,pcb1/Data/Images/Normal/pcb1_train_0218.jpg,
pcb1,train,normal,pcb1/Data/Images/Normal/pcb1_train_0219.jpg,
pcb1,train,normal,pcb1/Data/Images/Normal/pcb1_train_0220.jpg,
pcb1,train,normal,pcb1/Data/Images/Normal/pcb1_train_0221.jpg,
pcb1,train,normal,pcb1/Data/Images/Normal/pcb1_train_0222.jpg,
pcb1,train,normal,pcb1/Data/Images/Normal/pcb1_train_0223.jpg,
pcb1,train,normal,pcb1/Data/Images/Normal/pcb1_train_0224.jpg,
pcb1,train,normal,pcb1/Data/Images/Normal/pcb1_train_0225.jpg,
pcb1,train,normal,pcb1/Data/Images/Normal/pcb1_train_0226.jpg,
pcb1,train,normal,pcb1/Data/Images/Normal/pcb1_train_0227.jpg,
pcb1,train,normal,pcb1/Data/Images/Normal/pcb1_train_0228.jpg,
pcb1,train,normal,pcb1/Data/Images/Normal/pcb1_train_0229.jpg,
pcb1,train,normal,pcb1/Data/Images/Normal/pcb1_train_0230.jpg,
pcb1,train,normal,pcb1/Data/Images/Normal/pcb1_train_0231.jpg,
pcb1,train,normal,pcb1/Data/Images/Normal/pcb1_train_0232.jpg,
pcb1,train,normal,pcb1/Data/Images/Normal/pcb1_train_0233.jpg,
pcb1,train,normal,pcb1/Data/Images/Normal/pcb1_train_0234.jpg,
pcb1,train,normal,pcb1/Data/Images/Normal/pcb1_train_0235.jpg,
pcb1,train,normal,pcb1/Data/Images/Normal/pcb1_train_0236.jpg,
pcb1,train,normal,pcb1/Data/Images/Normal/pcb1_train_0237.jpg,
pcb1,train,normal,pcb1/Data/Images/Normal/pcb1_train_0238.jpg,
pcb1,train,normal,pcb1/Data/Images/Normal/pcb1_train_0239.jpg,
pcb1,train,normal,pcb1/Data/Images/Normal/pcb1_train_0240.jpg,
pcb1,train,normal,pcb1/Data/Images/Normal/pcb1_train_0241.jpg,
pcb1,train,normal,pcb1/Data/Images/Normal/pcb1_train_0242.jpg,
pcb1,train,normal,pcb1/Data/Images/Normal/pcb1_train_0243.jpg,
pcb1,train,normal,pcb1/Data/Images/Normal/pcb1_train_0244.jpg,
pcb1,train,normal,pcb1/Data/Images/Normal/pcb1_train_0245.jpg,
pcb1,train,normal,pcb1/Data/Images/Normal/pcb1_train_0246.jpg,
pcb1,train,normal,pcb1/Data/Images/Normal/pcb1_train_0247.jpg,
pcb1,train,normal,pcb1/Data/Images/Normal/pcb1_train_0248.jpg,
pcb1,train,normal,pcb1/Data/Images/Normal/pcb1_train_0249.jpg,
pcb1,train,normal,pcb1/Data/Images/Normal/pcb1_train_0250.jpg,
pcb1,train,normal,pcb1/Data/Images/Normal/pcb1_train_0251.jpg,
pcb1,train,normal,pcb1/Data/Images/Normal/pcb1_train_0252.jpg,
pcb1,train,normal,pcb1/Data/Images/Normal/pcb1_train_0253.jpg,
pcb1,train,normal,pcb1/Data/Images/Normal/pcb1_train_0254.jpg,
pcb1,train,normal,pcb1/Data/Images/Normal/pcb1_train_0255.jpg,
pcb1,train,normal,pcb1/Data/Images/Normal/pcb1_train_0256.jpg,
pcb1,train,normal,pcb1/Data/Images/Normal/pcb1_train_0257.jpg,
pcb1,train,normal,pcb1/Data/Images/Normal/pcb1_train_0258.jpg,
pcb1,train,normal,pcb1/Data/Images/Normal/pcb1_train_0259.jpg,
pcb1,train,normal,pcb1/Data/Images/Normal/pcb1_train_0260.jpg,
pcb1,train,normal,pcb1/Data/Images/Normal/pcb1_train_0261.jpg,
pcb1,train,normal,pcb1/Data/Images/Normal/pcb1_train_0262.jpg,
pcb1,train,normal,pcb1/Data/Images/Normal/pcb1_train_0263.jpg,
pcb1,train,normal,pcb1/Data/Images/Normal/pcb1_train_0264.jpg,
pcb1,train,normal,pcb1/Data/Images/Normal/pcb1_train_0265.jpg,
pcb1,train,normal,pcb1/Data/Images/Normal/pcb1_train_0266.jpg,
pcb1,train,normal,pcb1/Data/Images/Normal/pcb1_train_0267.jpg,
pcb1,train,normal,pcb1/Data/Images/Normal/pcb1_train_0268.jpg,
pcb1,train,normal,pcb1/Data/Images/Normal/pcb1_train_0269.jpg,
pcb1,train,normal,pcb1/Data/Images/Normal/pcb1_train_0270.jpg,
pcb1,train,normal,pcb1/Data/Images/Normal/pcb1_train_0271.jpg,
pcb1,train,normal,pcb1/Data/Images/Normal/pcb1_train_0272.jpg,
pcb1,train,normal,pcb1/Data/Images/Normal/pcb1_train_0273.jpg,
pcb1,train,normal,pcb1/Data/Images/Normal/pcb1_train_0274.jpg,
pcb1,train,normal,pcb1/Data/Images/Normal/pcb1_train_0275.jpg,
pcb1,train,normal,pcb1/Data/Images/Normal/pcb1_train_0276.jpg,
pcb1,train,normal,pcb1/Data/Images/Normal/pcb1_train_0277.jpg,
pcb1,train,normal,pcb1/Data/Images/Normal/pcb1_train_0278.jpg,
pcb1,train,normal,pcb1/Data/Images/Normal/pcb1_train_0279.jpg,
pcb1,train,normal,pcb1/Data/Images/Normal/pcb1_train_0280.jpg,
pcb1,train,normal,pcb1/Data/Images/Normal/pcb1_train_0281.jpg,
pcb1,train,normal,pcb1/Data/Images/Normal/pcb1_train_0282.jpg,
pcb1,train,normal,pcb1/Data/Images/Normal/pcb1_train_0283.jpg,
pcb1,train,normal,pcb1/Data/Images/Normal/pcb1_train_0284.jpg,
pcb1,train,normal,pcb1/Data/Images/Normal/pcb1_train_0285.jpg,
pcb1,train,normal,pcb1/Data/Images/Normal/pcb1_train_0286.jpg,
pcb1,train,normal,pcb1/Data/Images/Normal/pcb1_train_0287.jpg,
pcb1,train,normal,pcb1/Data/Images/Normal/pcb1_train_0288.jpg,
pcb1,train,normal,pcb1/Data/Images/Normal/pcb1_train_0289.jpg,
pcb1,train,normal,pcb1/Data/Images/Normal/pcb1_train_0290.jpg,
pcb1,train,normal,pcb1/Data/Images/Normal/pcb1_train_0291.jpg,
pcb1,train,normal,pcb1/Data/Images/Normal/pcb1_train_0292.jpg,
pcb1,train,normal,pcb1/Data/Images/Normal/pcb1_train_0293.jpg,
pcb1,train,normal,pcb1/Data/Images/Normal/pcb1_train_0294.jpg,
pcb1,train,normal,pcb1/Data/Images/Normal/pcb1_train_0295.jpg,
pcb1,train,normal,pcb1/Data/Images/Normal/pcb1_train_0296.jpg,
pcb1,train,normal,pcb1/Data/Images/Normal/pcb1_train_0297.jpg,
pcb1,train,normal,pcb1/Data/Images/Normal/pcb1_train_0298.jpg,
pcb1,train,normal,pcb1/Data/Images/Normal/pcb1_train_0299.jpg,
pcb1,train,normal,pcb1/Data/Images/Normal/pcb1_train_0300.jpg,
pcb1,train,normal,pcb1/Data/Images/Normal/pcb1_train_0301.jpg,
pcb1,train,normal,pcb1/Data/Images/Normal/pcb1_train_0302.jpg,
pcb1,train,normal,pcb1/Data/Images/Normal/pcb1_train_0303.jpg,
pcb1,train,normal,pcb1/Data/Images/Normal/pcb1_train_0304.jpg,
pcb1,train,normal,pcb1/Data/Images/Normal/pcb1_train_0305.jpg,
pcb1,train,normal,pcb1/Data/Images/Normal/pcb1_train_0306.jpg,
pcb1,train,normal,pcb1/Data/Images/Normal/pcb1_train_0307.jpg,
pcb1,train,normal,pcb1/Data/Images/Normal/pcb1_train_0308.jpg,
pcb1,train,normal,pcb1/Data/Images/Normal/pcb1_train_0309.jpg,
pcb1,train,normal,pcb1/Data/Images/Normal/pcb1_train_0310.jpg,
pcb1,train,normal,pcb1/Data/Images/Normal/pcb1_train_0311.jpg,
pcb1,train,normal,pcb1/Data/Images/Normal/pcb1_train_0312.jpg,
pcb1,train,normal,pcb1/Data/Images/Normal/pcb1_train_0313.jpg,
pcb1,train,normal,pcb1/Data/Images/Normal/pcb1_train_0314.jpg,
pcb1,train,normal,pcb1/Data/Images/Normal/pcb1_train_0315.jpg,
pcb1,train,normal,pcb1/Data/Images/Normal/pcb1_train_0316.jpg,
pcb1,train,normal,pcb1/Data/Images/Normal/pcb1_train_0317.jpg,
pcb1,train,normal,pcb1/Data/Images/Normal/pcb1_train_0318.jpg,
pcb1,train,normal,pcb1/Data/Images/Normal/pcb1_train_0319.jpg,
pcb1,train,normal,pcb1/Data/Images/Normal/pcb1_train_0320.jpg,
pcb1,train,normal,pcb1/Data/Images/Normal/pcb1_train_0321.jpg,
pcb1,train,normal,pcb1/Data/Images/Normal/pcb1_train_0322.jpg,
pcb1,train,normal,pcb1/Data/Images/Normal/pcb1_train_0323.jpg,
pcb1,train,normal,pcb1/Data/Images/Normal/pcb1_train_0324.jpg,
pcb1,train,normal,pcb1/Data/Images/Normal/pcb1_train_0325.jpg,
pcb1,train,normal,pcb1/Data/Images/Normal/pcb1_train_0326.jpg,
pcb1,train,normal,pcb1/Data/Images/Normal/pcb1_train_0327.jpg,
pcb1,train,normal,pcb1/Data/Images/Normal/pcb1_train_0328.jpg,
pcb1,train,normal,pcb1/Data/Images/Normal/pcb1_train_0329.jpg,
pcb1,train,normal,pcb1/Data/Images/Normal/pcb1_train_0330.jpg,
pcb1,train,normal,pcb1/Data/Images/Normal/pcb1_train_0331.jpg,
pcb1,train,normal,pcb1/Data/Images/Normal/pcb1_train_0332.jpg,
pcb1,train,normal,pcb1/Data/Images/Normal/pcb1_train_0333.jpg,
pcb1,train,normal,pcb1/Data/Images/Normal/pcb1_train_0334.jpg,
pcb1,train,normal,pcb1/Data/Images/Normal/pcb1_train_0335.jpg,
pcb1,train,normal,pcb1/Data/Images/Normal/pcb1_train_0336.jpg,
pcb1,train,normal,pcb1/Data/Images/Normal/pcb1_train_0337.jpg,
pcb1,train,normal,pcb1/Data/Images/Normal/pcb1_train_0338.jpg,
pcb1,train,normal,pcb1/Data/Images/Normal/pcb1_train_0339.jpg,
pcb1,train,normal,pcb1/Data/Images/Normal/pcb1_train_0340.jpg,
pcb1,train,normal,pcb1/Data/Images/Normal/pcb1_train_0341.jpg,
pcb1,train,normal,pcb1/Data/Images/Normal/pcb1_train_0342.jpg,
pcb1,train,normal,pcb1/Data/Images/Normal/pcb1_train_0343.jpg,
pcb1,train,normal,pcb1/Data/Images/Normal/pcb1_train_0344.jpg,
pcb1,train,normal,pcb1/Data/Images/Normal/pcb1_train_0345.jpg,
pcb1,train,normal,pcb1/Data/Images/Normal/pcb1_train_0346.jpg,
pcb1,train,normal,pcb1/Data/Images/Normal/pcb1_train_0347.jpg,
pcb1,train,normal,pcb1/Data/Images/Normal/pcb1_train_0348.jpg,
pcb1,train,normal,pcb1/Data/Images/Normal/pcb1_train_0349.jpg,
pcb1,train,normal,pcb1/Data/Images/Normal/pcb1_train_0350.jpg,
pcb1,train,normal,pcb1/Data/Images/Normal/pcb1_train_0351.jpg,
pcb1,train,normal,pcb1/Data/Images/Normal/pcb1_train_0352.jpg,
pcb1,train,normal,pcb1/Data/Images/Normal/pcb1_train_0353.jpg,
pcb1,train,normal,pcb1/Data/Images/Normal/pcb1_train_0354.jpg,
pcb1,train,normal,pcb1/Data/Images/Normal/pcb1_train_0355.jpg,
pcb1,train,normal,pcb1/Data/Images/Normal/pcb1_train_0356.jpg,
pcb1,train,normal,pcb1/Data/Images/Normal/pcb1_train_0357.jpg,
pcb1,train,normal,pcb1/Data/Images/Normal/pcb1_train_0358.jpg,
pcb1,train,normal,pcb1/Data/Images/Normal/pcb1_train_0359.jpg,
pcb1,train,normal,pcb1/Data/Images/Normal/pcb1_train_0360.jpg,
pcb1,train,normal,pcb1/Data/Images/Normal/pcb1_train_0361.jpg,
pcb1,train,normal,pcb1/Data/Images/Normal/pcb1_train_0362.jpg,
pcb1,train,normal,pcb1/Data/Images/Normal/pcb1_train_0363.jpg,
pcb1,train,normal,pcb1/Data/Images/Normal/pcb1_train_0364.jpg,
pcb1,train,normal,pcb1/Data/Images/Normal/pcb1_train_0365.jpg,
pcb1,train,normal,pcb1/Data/Images/Normal/pcb1_train_0366.jpg,
pcb1,train,normal,pcb1/Data/Images/Normal/pcb1_train_0367.jpg,
pcb1,train,normal,pcb1/Data/Images/Normal/pcb1_train_0368.jpg,
pcb1,train,normal,pcb1/Data/Images/Normal/pcb1_train_0369.jpg,
pcb1,train,normal,pcb1/Data/Images/Normal/pcb1_train_0370.jpg,
pcb1,train,normal,pcb1/Data/Images/Normal/pcb1_train_0371.jpg,
pcb1,train,normal,pcb1/Data/Images/Normal/pcb1_train_0372.jpg,
pcb1,train,normal,pcb1/Data/Images/Normal/pcb1_train_0373.jpg,
pcb1,train,normal,pcb1/Data/Images/Normal/pcb1_train_0374.jpg,
pcb1,train,normal,pcb1/Data/Images/Normal/pcb1_train_0375.jpg,
pcb1,train,normal,pcb1/Data/Images/Normal/pcb1_train_0376.jpg,
pcb1,train,normal,pcb1/Data/Images/Normal/pcb1_train_0377.jpg,
pcb1,train,normal,pcb1/Data/Images/Normal/pcb1_train_0378.jpg,
pcb1,train,normal,pcb1/Data/Images/Normal/pcb1_train_0379.jpg,
pcb1,train,normal,pcb1/Data/Images/Normal/pcb1_train_0380.jpg,
pcb1,train,normal,pcb1/Data/Images/Normal/pcb1_train_0381.jpg,
pcb1,train,normal,pcb1/Data/Images/Normal/pcb1_train_0382.jpg,
pcb1,train,normal,pcb1/Data/Images/Normal/pcb1_train_0383.jpg,
pcb1,train,normal,pcb1/Data/Images/Normal/pcb1_train_0384.jpg,
pcb1,train,normal,pcb1/Data/Images/Normal/pcb1_train_0385.jpg,
pcb1,train,normal,pcb1/Data/Images/Normal/pcb1_train_0386.jpg,
pcb1,train,normal,pcb1/Data/Images/Normal/pcb1_train_0387.jpg,
pcb1,train,normal,pcb1/Data/Images/Normal/pcb1_train_0388.jpg,
pcb1,train,normal,pcb1/Data/Images/Normal/pcb1_train_0389.jpg,
pcb1,train,normal,pcb1/Data/Images/Normal/pcb1_train_0390.jpg,
pcb1,train,normal,pcb1/Data/Images/Normal/pcb1_train_0391.jpg,
pcb1,train,normal,pcb1/Data/Images/Normal/pcb1_train_0392.jpg,
pcb1,train,normal,pcb1/Data/Images/Normal/pcb1_train_0393.jpg,
pcb1,train,normal,pcb1/Data/Images/Normal/pcb1_train_0394.jpg,
pcb1,train,normal,pcb1/Data/Images/Normal/pcb1_train_0395.jpg,
pcb1,train,normal,pcb1/Data/Images/Normal/pcb1_train_0396.jpg,
pcb1,train,normal,pcb1/Data/Images/Normal/pcb1_train_0397.jpg,
pcb1,train,normal,pcb1/Data/Images/Normal/pcb1_train_0398.jpg,
pcb1,train,normal,pcb1/Data/Images/Normal/pcb1_train_0399.jpg,
pcb1,train,normal,pcb1/Data/Images/Normal/pcb1_train_0400.jpg,
pcb1,train,normal,pcb1/Data/Images/Normal/pcb1_train_0401.jpg,
pcb1,train,normal,pcb1/Data/Images/Normal/pcb1_train_0402.jpg,
pcb1,train,normal,pcb1/Data/Images/Normal/pcb1_train_0403.jpg,
pcb1,train,normal,pcb1/Data/Images/Normal/pcb1_train_0404.jpg,
pcb1,train,normal,pcb1/Data/Images/Normal/pcb1_train_0405.jpg,
pcb1,train,normal,pcb1/Data/Images/Normal/pcb1_train_0406.jpg,
pcb1,train,normal,pcb1/Data/Images/Normal/pcb1_train_0407.jpg,
pcb1,train,normal,pcb1/Data/Images/Normal/pcb1_train_0408.jpg,
pcb1,train,normal,pcb1/Data/Images/Normal/pcb1_train_0409.jpg,
pcb1,train,normal,pcb1/Data/Images/Normal/pcb1_train_0410.jpg,
pcb1,train,normal,pcb1/Data/Images/Normal/pcb1_train_0411.jpg,
pcb1,train,normal,pcb1/Data/Images/Normal/pcb1_train_0412.jpg,
pcb1,train,normal,pcb1/Data/Images/Normal/pcb1_train_0413.jpg,
pcb1,train,normal,pcb1/Data/Images/Normal/pcb1_train_0414.jpg,
pcb1,train,normal,pcb1/Data/Images/Normal/pcb1_train_0415.jpg,
pcb1,train,normal,pcb1/Data/Images/Normal/pcb1_train_0416.jpg,
pcb1,train,normal,pcb1/Data/Images/Normal/pcb1_train_0417.jpg,
pcb1,train,normal,pcb1/Data/Images/Normal/pcb1_train_0418.jpg,
pcb1,train,normal,pcb1/Data/Images/Normal/pcb1_train_0419.jpg,
pcb1,train,normal,pcb1/Data/Images/Normal/pcb1_train_0420.jpg,
pcb1,train,normal,pcb1/Data/Images/Normal/pcb1_train_0421.jpg,
pcb1,train,normal,pcb1/Data/Images/Normal/pcb1_train_0422.jpg,
pcb1,train,normal,pcb1/Data/Images/Normal/pcb1_train_0423.jpg,
pcb1,train,normal,pcb1/Data/Images/Normal/pcb1_train_0424.jpg,
pcb1,train,normal,pcb1/Data/Images/Normal/pcb1_train_0425.jpg,
pcb1,train,normal,pcb1/Data/Images/Normal/pcb1_train_0426.jpg,
pcb1,train,normal,pcb1/Data/Images/Normal/pcb1_train_0427.jpg,
pcb1,train,normal,pcb1/Data/Images/Normal/pcb1_train_0428.jpg,
pcb1,train,normal,pcb1/Data/Images/Normal/pcb1_train_0429.jpg,
pcb1,train,normal,pcb1/Data/Images/Normal/pcb1_train_0430.jpg,
pcb1,train,normal,pcb1/Data/Images/Normal/pcb1_train_0431.jpg,
pcb1,train,normal,pcb1/Data/Images/Normal/pcb1_train_0432.jpg,
pcb1,train,normal,pcb1/Data/Images/Normal/pcb1_train_0433.jpg,
pcb1,train,normal,pcb1/Data/Images/Normal/pcb1_train_0434.jpg,
pcb1,train,normal,pcb1/Data/Images/Normal/pcb1_train_0435.jpg,
pcb1,train,normal,pcb1/Data/Images/Normal/pcb1_train_0436.jpg,
pcb1,train,normal,pcb1/Data/Images/Normal/pcb1_train_0437.jpg,
pcb1,train,normal,pcb1/Data/Images/Normal/pcb1_train_0438.jpg,
pcb1,train,normal,pcb1/Data/Images/Normal/pcb1_train_0439.jpg,
pcb1,train,normal,pcb1/Data/Images/Normal/pcb1_train_0440.jpg,
pcb1,train,normal,pcb1/Data/Images/Normal/pcb1_train_0441.jpg,
pcb1,train,normal,pcb1/Data/Images/Normal/pcb1_train_0442.jpg,
pcb1,train,normal,pcb1/Data/Images/Normal/pcb1_train_0443.jpg,
pcb1,train,normal,pcb1/Data/Images/Normal/pcb1_train_0444.jpg,
pcb1,train,normal,pcb1/Data/Images/Normal/pcb1_train_0445.jpg,
pcb1,train,normal,pcb1/Data/Images/Normal/pcb1_train_0446.jpg,
pcb1,train,normal,pcb1/Data/Images/Normal/pcb1_train_0447.jpg,
pcb1,train,normal,pcb1/Data/Images/Normal/pcb1_train_0448.jpg,
pcb1,train,normal,pcb1/Data/Images/Normal/pcb1_train_0449.jpg,
pcb1,train,normal,pcb1/Data/Images/Normal/pcb1_train_0450.jpg,
pcb1,train,normal,pcb1/Data/Images/Normal/pcb1_train_0451.jpg,
pcb1,train,normal,pcb1/Data/Images/Normal/pcb1_train_0452.jpg,
pcb1,train,normal,pcb1/Data/Images/Normal/pcb1_train_0453.jpg,
pcb1,train,normal,pcb1/Data/Images/Normal/pcb1_train_0454.jpg,
pcb1,train,normal,pcb1/Data/Images/Normal/pcb1_train_0455.jpg,
pcb1,train,normal,pcb1/Data/Images/Normal/pcb1_train_0456.jpg,
pcb1,train,normal,pcb1/Data/Images/Normal/pcb1_train_0457.jpg,
pcb1,train,normal,pcb1/Data/Images/Normal/pcb1_train_0458.jpg,
pcb1,train,normal,pcb1/Data/Images/Normal/pcb1_train_0459.jpg,
pcb1,train,normal,pcb1/Data/Images/Normal/pcb1_train_0460.jpg,
pcb1,train,normal,pcb1/Data/Images/Normal/pcb1_train_0461.jpg,
pcb1,train,normal,pcb1/Data/Images/Normal/pcb1_train_0462.jpg,
pcb1,train,normal,pcb1/Data/Images/Normal/pcb1_train_0463.jpg,
pcb1,train,normal,pcb1/Data/Images/Normal/pcb1_train_0464.jpg,
pcb1,train,normal,pcb1/Data/Images/Normal/pcb1_train_0465.jpg,
pcb1,train,normal,pcb1/Data/Images/Normal/pcb1_train_0466.jpg,
pcb1,train,normal,pcb1/Data/Images/Normal/pcb1_train_0467.jpg,
pcb1,train,normal,pcb1/Data/Images/Normal/pcb1_train_0468.jpg,
pcb1,train,normal,pcb1/Data/Images/Normal/pcb1_train_0469.jpg,
pcb1,train,normal,pcb1/Data/Images/Normal/pcb1_train_0470.jpg,
pcb1,train,normal,pcb1/Data/Images/Normal/pcb1_train_0471.jpg,
pcb1,train,normal,pcb1/Data/Images/Normal/pcb1_train_0472.jpg,
pcb1,train,normal,pcb1/Data/Images/Normal/pcb1_train_0473.jpg,
pcb1,train,normal,pcb1/Data/Images/Normal/pcb1_train_0474.jpg,
pcb1,train,normal,pcb1/Data/Images/Normal/pcb1_train_0475.jpg,
pcb1,train,normal,pcb1/Data/Images/Normal/pcb1_train_0476.jpg,
pcb1,train,normal,pcb1/Data/Images/Normal/pcb1_train_0477.jpg,
pcb1,train,normal,pcb1/Data/Images/Normal/pcb1_train_0478.jpg,
pcb1,train,normal,pcb1/Data/Images/Normal/pcb1_train_0479.jpg,
pcb1,train,normal,pcb1/Data/Images/Normal/pcb1_train_0480.jpg,
pcb1,train,normal,pcb1/Data/Images/Normal/pcb1_train_0481.jpg,
pcb1,train,normal,pcb1/Data/Images/Normal/pcb1_train_0482.jpg,
pcb1,train,normal,pcb1/Data/Images/Normal/pcb1_train_0483.jpg,
pcb1,train,normal,pcb1/Data/Images/Normal/pcb1_train_0484.jpg,
pcb1,train,normal,pcb1/Data/Images/Normal/pcb1_train_0485.jpg,
pcb1,train,normal,pcb1/Data/Images/Normal/pcb1_train_0486.jpg,
pcb1,train,normal,pcb1/Data/Images/Normal/pcb1_train_0487.jpg,
pcb1,train,normal,pcb1/Data/Images/Normal/pcb1_train_0488.jpg,
pcb1,train,normal,pcb1/Data/Images/Normal/pcb1_train_0489.jpg,
pcb1,train,normal,pcb1/Data/Images/Normal/pcb1_train_0490.jpg,
pcb1,train,normal,pcb1/Data/Images/Normal/pcb1_train_0491.jpg,
pcb1,train,normal,pcb1/Data/Images/Normal/pcb1_train_0492.jpg,
pcb1,train,normal,pcb1/Data/Images/Normal/pcb1_train_0493.jpg,
pcb1,train,normal,pcb1/Data/Images/Normal/pcb1_train_0494.jpg,
pcb1,train,normal,pcb1/Data/Images/Normal/pcb1_train_0495.jpg,
pcb1,train,normal,pcb1/Data/Images/Normal/pcb1_train_0496.jpg,
pcb1,train,normal,pcb1/Data/Images/Normal/pcb1_train_0497.jpg,
pcb1,train,normal,pcb1/Data/Images/Normal/pcb1_train_0498.jpg,
pcb1,train,normal,pcb1/Data/Images/Normal/pcb1_train_0499.jpg,
pcb1,train,normal,pcb1/Data/Images/Normal/pcb1_train_0500.jpg,
pcb1,train,normal,pcb1/Data/Images/Normal/pcb1_train_0501.jpg,
pcb1,train,normal,pcb1/Data/Images/Normal/pcb1_train_0502.jpg,
pcb1,train,normal,pcb1/Data/Images/Normal/pcb1_train_0503.jpg,
pcb1,train,normal,pcb1/Data/Images/Normal/pcb1_train_0504.jpg,
pcb1,train,normal,pcb1/Data/Images/Normal/pcb1_train_0505.jpg,
pcb1,train,normal,pcb1/Data/Images/Normal/pcb1_train_0506.jpg,
pcb1,train,normal,pcb1/Data/Images/Normal/pcb1_train_0507.jpg,
pcb1,train,normal,pcb1/Data/Images/Normal/pcb1_train_0508.jpg,
pcb1,train,normal,pcb1/Data/Images/Normal/pcb1_train_0509.jpg,
pcb1,train,normal,pcb1/Data/Images/Normal/pcb1_train_0510.jpg,
pcb1,train,normal,pcb1/Data/Images/Normal/pcb1_train_0511.jpg,
pcb1,train,normal,pcb1/Data/Images/Normal/pcb1_train_0512.jpg,
pcb1,train,normal,pcb1/Data/Images/Normal/pcb1_train_0513.jpg,
pcb1,train,normal,pcb1/Data/Images/Normal/pcb1_train_0514.jpg,
pcb1,train,normal,pcb1/Data/Images/Normal/pcb1_train_0515.jpg,
pcb1,train,normal,pcb1/Data/Images/Normal/pcb1_train_0516.jpg,
pcb1,train,normal,pcb1/Data/Images/Normal/pcb1_train_0517.jpg,
pcb1,train,normal,pcb1/Data/Images/Normal/pcb1_train_0518.jpg,
pcb1,train,normal,pcb1/Data/Images/Normal/pcb1_train_0519.jpg,
pcb1,train,normal,pcb1/Data/Images/Normal/pcb1_train_0520.jpg,
pcb1,train,normal,pcb1/Data/Images/Normal/pcb1_train_0521.jpg,
pcb1,train,normal,pcb1/Data/Images/Normal/pcb1_train_0522.jpg,
pcb1,train,normal,pcb1/Data/Images/Normal/pcb1_train_0523.jpg,
pcb1,train,normal,pcb1/Data/Images/Normal/pcb1_train_0524.jpg,
pcb1,train,normal,pcb1/Data/Images/Normal/pcb1_train_0525.jpg,
pcb1,train,normal,pcb1/Data/Images/Normal/pcb1_train_0526.jpg,
pcb1,train,normal,pcb1/Data/Images/Normal/pcb1_train_0527.jpg,
pcb1,train,normal,pcb1/Data/Images/Normal/pcb1_train_0528.jpg,
pcb1,train,normal,pcb1/Data/Images/Normal/pcb1_train_0529.jpg,
pcb1,train,normal,pcb1/Data/Images/Normal/pcb1_train_0530.jpg,
pcb1,train,normal,pcb1/Data/Images/Normal/pcb1_train_0531.jpg,
pcb1,train,normal,pcb1/Data/Images/Normal/pcb1_train_0532.jpg,
pcb1,train,normal,pcb1/Data/Images/Normal/pcb1_train_0533.jpg,
pcb1,train,normal,pcb1/Data/Images/Normal/pcb1_train_0534.jpg,
pcb1,train,normal,pcb1/Data/Images/Normal/pcb1_train_0535.jpg,
pcb1,train,normal,pcb1/Data/Images/Normal/pcb1_train_0536.jpg,
pcb1,train,normal,pcb1/Data/Images/Normal/pcb1_train_0537.jpg,
pcb1,train,normal,pcb1/Data/Images/Normal/pcb1_train_0538.jpg,
pcb1,train,normal,pcb1/Data/Images/Normal/pcb1_train_0539.jpg,
pcb1,train,normal,pcb1/Data/Images/Normal/pcb1_train_0540.jpg,
pcb1,train,normal,pcb1/Data/Images/Normal/pcb1_train_0541.jpg,
pcb1,train,normal,pcb1/Data/Images/Normal/pcb1_train_0542.jpg,
pcb1,train,normal,pcb1/Data/Images/Normal/pcb1_train_0543.jpg,
pcb1,train,normal,pcb1/Data/Images/Normal/pcb1_train_0544.jpg,
pcb1,train,normal,pcb1/Data/Images/Normal/pcb1_train_0545.jpg,
pcb1,train,normal,pcb1/Data/Images/Normal/pcb1_train_0546.jpg,
pcb1,train,normal,pcb1/Data/Images/Normal/pcb1_train_0547.jpg,
pcb1,train,normal,pcb1/Data/Images/Normal/pcb1_train_0548.jpg,
pcb1,train,normal,pcb1/Data/Images/Normal/pcb1_train_0549.jpg,
pcb1,train,normal,pcb1/Data/Images/Normal/pcb1_train_0550.jpg,
pcb1,train,normal,pcb1/Data/Images/Normal/pcb1_train_0551.jpg,
pcb1,train,normal,pcb1/Data/Images/Normal/pcb1_train_0552.jpg,
pcb1,train,normal,pcb1/Data/Images/Normal/pcb1_train_0553.jpg,
pcb1,train,normal,pcb1/Data/Images/Normal/pcb1_train_0554.jpg,
pcb1,train,normal,pcb1/Data/Images/Normal/pcb1_train_0555.jpg,
pcb1,train,normal,pcb1/Data/Images/Normal/pcb1_train_0556.jpg,
pcb1,train,normal,pcb1/Data/Images/Normal/pcb1_train_0557.jpg,
pcb1,train,normal,pcb1/Data/Images/Normal/pcb1_train_0558.jpg,
pcb1,train,normal,pcb1/Data/Images/Normal/pcb1_train_0559.jpg,
pcb1,train,normal,pcb1/Data/Images/Normal/pcb1_train_0560.jpg,
pcb1,train,normal,pcb1/Data/Images/Normal/pcb1_train_0561.jpg,
pcb1,train,normal,pcb1/Data/Images/Normal/pcb1_train_0562.jpg,
pcb1,train,normal,pcb1/Data/Images/Normal/pcb1_train_0563.jpg,
pcb1,train,normal,pcb1/Data/Images/Normal/pcb1_train_0564.jpg,
pcb1,train,normal,pcb1/Data/Images/Normal/pcb1_train_0565.jpg,
pcb1,train,normal,pcb1/Data/Images/Normal/pcb1_train_0566.jpg,
pcb1,train,normal,pcb1/Data/Images/Normal/pcb1_train_0567.jpg,
pcb1,train,normal,pcb1/Data/Images/Normal/pcb1_train_0568.jpg,
pcb1,train,normal,pcb1/Data/Images/Normal/pcb1_train_0569.jpg,
pcb1,train,normal,pcb1/Data/Images/Normal/pcb1_train_0570.jpg,
pcb1,train,normal,pcb1/Data/Images/Normal/pcb1_train_0571.jpg,
pcb1,train,normal,pcb1/Data/Images/Normal/pcb1_train_0572.jpg,
pcb1,train,normal,pcb1/Data/Images/Normal/pcb1_train_0573.jpg,
pcb1,train,normal,pcb1/Data/Images/Normal/pcb1_train_0574.jpg,
pcb1,train,normal,pcb1/Data/Images/Normal/pcb1_train_0575.jpg,
pcb1,train,normal,pcb1/Data/Images/Normal/pcb1_train_0576.jpg,
pcb1,train,normal,pcb1/Data/Images/Normal/pcb1_train_0577.jpg,
pcb1,train,normal,pcb1/Data/Images/Normal/pcb1_train_0578.jpg,
pcb1,train,normal,pcb1/Data/Images/Normal/pcb1_train_0579.jpg,
pcb1,train,normal,pcb1/Data/Images/Normal/pcb1_train_0580.jpg,
pcb1,train,normal,pcb1/Data/Images/Normal/pcb1_train_0581.jpg,
pcb1,train,normal,pcb1/Data/Images/Normal/pcb1_train_0582.jpg,
pcb1,train,normal,pcb1/Data/Images/Normal/pcb1_train_0583.jpg,
pcb1,train,normal,pcb1/Data/Images/Normal/pcb1_train_0584.jpg,
pcb1,train,normal,pcb1/Data/Images/Normal/pcb1_train_0585.jpg,
pcb1,train,normal,pcb1/Data/Images/Normal/pcb1_train_0586.jpg,
pcb1,train,normal,pcb1/Data/Images/Normal/pcb1_train_0587.jpg,
pcb1,train,normal,pcb1/Data/Images/Normal/pcb1_train_0588.jpg,
pcb1,train,normal,pcb1/Data/Images/Normal/pcb1_train_0589.jpg,
pcb1,train,normal,pcb1/Data/Images/Normal/pcb1_train_0590.jpg,
pcb1,train,normal,pcb1/Data/Images/Normal/pcb1_train_0591.jpg,
pcb1,train,normal,pcb1/Data/Images/Normal/pcb1_train_0592.jpg,
pcb1,train,normal,pcb1/Data/Images/Normal/pcb1_train_0593.jpg,
pcb1,train,normal,pcb1/Data/Images/Normal/pcb1_train_0594.jpg,
pcb1,train,normal,pcb1/Data/Images/Normal/pcb1_train_0595.jpg,
pcb1,train,normal,pcb1/Data/Images/Normal/pcb1_train_0596.jpg,
pcb1,train,normal,pcb1/Data/Images/Normal/pcb1_train_0597.jpg,
pcb1,train,normal,pcb1/Data/Images/Normal/pcb1_train_0598.jpg,
pcb1,train,normal,pcb1/Data/Images/Normal/pcb1_train_0599.jpg,
pcb1,train,normal,pcb1/Data/Images/Normal/pcb1_train_0600.jpg,
pcb1,train,normal,pcb1/Data/Images/Normal/pcb1_train_0601.jpg,
pcb1,train,normal,pcb1/Data/Images/Normal/pcb1_train_0602.jpg,
pcb1,train,normal,pcb1/Data/Images/Normal/pcb1_train_0603.jpg,
pcb1,train,normal,pcb1/Data/Images/Normal/pcb1_train_0604.jpg,
pcb1,train,normal,pcb1/Data/Images/Normal/pcb1_train_0605.jpg,
pcb1,train,normal,pcb1/Data/Images/Normal/pcb1_train_0606.jpg,
pcb1,train,normal,pcb1/Data/Images/Normal/pcb1_train_0607.jpg,
pcb1,train,normal,pcb1/Data/Images/Normal/pcb1_train_0608.jpg,
pcb1,train,normal,pcb1/Data/Images/Normal/pcb1_train_0609.jpg,
pcb1,train,normal,pcb1/Data/Images/Normal/pcb1_train_0610.jpg,
pcb1,train,normal,pcb1/Data/Images/Normal/pcb1_train_0611.jpg,
pcb1,train,normal,pcb1/Data/Images/Normal/pcb1_train_0612.jpg,
pcb1,train,normal,pcb1/Data/Images/Normal/pcb1_train_0613.jpg,
pcb1,train,normal,pcb1/Data/Images/Normal/pcb1_train_0614.jpg,
pcb1,train,normal,pcb1/Data/Images/Normal/pcb1_train_0615.jpg,
pcb1,train,normal,pcb1/Data/Images/Normal/pcb1_train_0616.jpg,
pcb1,train,normal,pcb1/Data/Images/Normal/pcb1_train_0617.jpg,
pcb1,train,normal,pcb1/Data/Images/Normal/pcb1_train_0618.jpg,
pcb1,train,normal,pcb1/Data/Images/Normal/pcb1_train_0619.jpg,
pcb1,train,normal,pcb1/Data/Images/Normal/pcb1_train_0620.jpg,
pcb1,train,normal,pcb1/Data/Images/Normal/pcb1_train_0621.jpg,
pcb1,train,normal,pcb1/Data/Images/Normal/pcb1_train_0622.jpg,
pcb1,train,normal,pcb1/Data/Images/Normal/pcb1_train_0623.jpg,
pcb1,train,normal,pcb1/Data/Images/Normal/pcb1_train_0624.jpg,
pcb1,train,normal,pcb1/Data/Images/Normal/pcb1_train_0625.jpg,
pcb1,train,normal,pcb1/Data/Images/Normal/pcb1_train_0626.jpg,
pcb1,train,normal,pcb1/Data/Images/Normal/pcb1_train_0627.jpg,
pcb1,train,normal,pcb1/Data/Images/Normal/pcb1_train_0628.jpg,
pcb1,train,normal,pcb1/Data/Images/Normal/pcb1_train_0629.jpg,
pcb1,train,normal,pcb1/Data/Images/Normal/pcb1_train_0630.jpg,
pcb1,train,normal,pcb1/Data/Images/Normal/pcb1_train_0631.jpg,
pcb1,train,normal,pcb1/Data/Images/Normal/pcb1_train_0632.jpg,
pcb1,train,normal,pcb1/Data/Images/Normal/pcb1_train_0633.jpg,
pcb1,train,normal,pcb1/Data/Images/Normal/pcb1_train_0634.jpg,
pcb1,train,normal,pcb1/Data/Images/Normal/pcb1_train_0635.jpg,
pcb1,train,normal,pcb1/Data/Images/Normal/pcb1_train_0636.jpg,
pcb1,train,normal,pcb1/Data/Images/Normal/pcb1_train_0637.jpg,
pcb1,train,normal,pcb1/Data/Images/Normal/pcb1_train_0638.jpg,
pcb1,train,normal,pcb1/Data/Images/Normal/pcb1_train_0639.jpg,
pcb1,train,normal,pcb1/Data/Images/Normal/pcb1_train_0640.jpg,
pcb1,train,normal,pcb1/Data/Images/Normal/pcb1_train_0641.jpg,
pcb1,train,normal,pcb1/Data/Images/Normal/pcb1_train_0642.jpg,
pcb1,train,normal,pcb1/Data/Images/Normal/pcb1_train_0643.jpg,
pcb1,train,normal,pcb1/Data/Images/Normal/pcb1_train_0644.jpg,
pcb1,train,normal,pcb1/Data/Images/Normal/pcb1_train_0645.jpg,
pcb1,train,normal,pcb1/Data/Images/Normal/pcb1_train_0646.jpg,
pcb1,train,normal,pcb1/Data/Images/Normal/pcb1_train_0647.jpg,
pcb1,train,normal,pcb1/Data/Images/Normal/pcb1_train_0648.jpg,
pcb1,train,normal,pcb1/Data/Images/Normal/pcb1_train_0649.jpg,
pcb1,train,normal,pcb1/Data/Images/Normal/pcb1_train_0650.jpg,
pcb1,train,normal,pcb1/Data/Images/Normal/pcb1_train_0651.jpg,
pcb1,train,normal,pcb1/Data/Images/Normal/pcb1_train_0652.jpg,
pcb1,train,normal,pcb1/Data/Images/Normal/pcb1_train_0653.jpg,
pcb1,train,normal,pcb1/Data/Images/Normal/pcb1_train_0654.jpg,
pcb1,train,normal,pcb1/Data/Images/Normal/pcb1_train_0655.jpg,
pcb1,train,normal,pcb1/Data/Images/Normal/pcb1_train_0656.jpg,
pcb1,train,normal,pcb1/Data/Images/Normal/pcb1_train_0657.jpg,
pcb1,train,normal,pcb1/Data/Images/Normal/pcb1_train_0658.jpg,
pcb1,train,normal,pcb1/Data/Images/Normal/pcb1_train_0659.jpg,
pcb1,train,normal,pcb1/Data/Images/Normal/pcb1_train_0660.jpg,
pcb1,train,normal,pcb1/Data/Images/Normal/pcb1_train_0661.jpg,
pcb1,train,normal,pcb1/Data/Images/Normal/pcb1_train_0662.jpg,
pcb1,train,normal,pcb1/Data/Images/Normal/pcb1_train_0663.jpg,
pcb1,train,normal,pcb1/Data/Images/Normal/pcb1_train_0664.jpg,
pcb1,train,normal,pcb1/Data/Images/Normal/pcb1_train_0665.jpg,
pcb1,train,normal,pcb1/Data/Images/Normal/pcb1_train_0666.jpg,
pcb1,train,normal,pcb1/Data/Images/Normal/pcb1_train_0667.jpg,
pcb1,train,normal,pcb1/Data/Images/Normal/pcb1_train_0668.jpg,
pcb1,train,normal,pcb1/Data/Images/Normal/pcb1_train_0669.jpg,
pcb1,train,normal,pcb1/Data/Images/Normal/pcb1_train_0670.jpg,
pcb1,train,normal,pcb1/Data/Images/Normal/pcb1_train_0671.jpg,
pcb1,train,normal,pcb1/Data/Images/Normal/pcb1_train_0672.jpg,
pcb1,train,normal,pcb1/Data/Images/Normal/pcb1_train_0673.jpg,
pcb1,train,normal,pcb1/Data/Images/Normal/pcb1_train_0674.jpg,
pcb1,train,normal,pcb1/Data/Images/Normal/pcb1_train_0675.jpg,
pcb1,train,normal,pcb1/Data/Images/Normal/pcb1_train_0676.jpg,
pcb1,train,normal,pcb1/Data/Images/Normal/pcb1_train_0677.jpg,
pcb1,train,normal,pcb1/Data/Images/Normal/pcb1_train_0678.jpg,
pcb1,train,normal,pcb1/Data/Images/Normal/pcb1_train_0679.jpg,
pcb1,train,normal,pcb1/Data/Images/Normal/pcb1_train_0680.jpg,
pcb1,train,normal,pcb1/Data/Images/Normal/pcb1_train_0681.jpg,
pcb1,train,normal,pcb1/Data/Images/Normal/pcb1_train_0682.jpg,
pcb1,train,normal,pcb1/Data/Images/Normal/pcb1_train_0683.jpg,
pcb1,train,normal,pcb1/Data/Images/Normal/pcb1_train_0684.jpg,
pcb1,train,normal,pcb1/Data/Images/Normal/pcb1_train_0685.jpg,
pcb1,train,normal,pcb1/Data/Images/Normal/pcb1_train_0686.jpg,
pcb1,train,normal,pcb1/Data/Images/Normal/pcb1_train_0687.jpg,
pcb1,train,normal,pcb1/Data/Images/Normal/pcb1_train_0688.jpg,
pcb1,train,normal,pcb1/Data/Images/Normal/pcb1_train_0689.jpg,
pcb1,train,normal,pcb1/Data/Images/Normal/pcb1_train_0690.jpg,
pcb1,train,normal,pcb1/Data/Images/Normal/pcb1_train_0691.jpg,
pcb1,train,normal,pcb1/Data/Images/Normal/pcb1_train_0692.jpg,
pcb1,train,normal,pcb1/Data/Images/Normal/pcb1_train_0693.jpg,
pcb1,train,normal,pcb1/Data/Images/Normal/pcb1_train_0694.jpg,
pcb1,train,normal,pcb1/Data/Images/Normal/pcb1_train_0695.jpg,
pcb1,train,normal,pcb1/Data/Images/Normal/pcb1_train_0696.jpg,
pcb1,train,normal,pcb1/Data/Images/Normal/pcb1_train_0697.jpg,
pcb1,train,normal,pcb1/Data/Images/Normal/pcb1_train_0698.jpg,
pcb1,train,normal,pcb1/Data/Images/Normal/pcb1_train_0699.jpg,
pcb1,train,normal,pcb1/Data/Images/Normal/pcb1_train_0700.jpg,
pcb1,train,normal,pcb1/Data/Images/Normal/pcb1_train_0701.jpg,
pcb1,train,normal,pcb1/Data/Images/Normal/pcb1_train_0702.jpg,
pcb1,train,normal,pcb1/Data/Images/Normal/pcb1_train_0703.jpg,
pcb1,train,normal,pcb1/Data/Images/Normal/pcb1_train_0704.jpg,
pcb1,train,normal,pcb1/Data/Images/Normal/pcb1_train_0705.jpg,
pcb1,train,normal,pcb1/Data/Images/Normal/pcb1_train_0706.jpg,
pcb1,train,normal,pcb1/Data/Images/Normal/pcb1_train_0707.jpg,
pcb1,train,normal,pcb1/Data/Images/Normal/pcb1_train_0708.jpg,
pcb1,train,normal,pcb1/Data/Images/Normal/pcb1_train_0709.jpg,
pcb1,train,normal,pcb1/Data/Images/Normal/pcb1_train_0710.jpg,
pcb1,train,normal,pcb1/Data/Images/Normal/pcb1_train_0711.jpg,
pcb1,train,normal,pcb1/Data/Images/Normal/pcb1_train_0712.jpg,
pcb1,train,normal,pcb1/Data/Images/Normal/pcb1_train_0713.jpg,
pcb1,train,normal,pcb1/Data/Images/Normal/pcb1_train_0714.jpg,
pcb1,train,normal,pcb1/Data/Images/Normal/pcb1_train_0715.jpg,
pcb1,train,normal,pcb1/Data/Images/Normal/pcb1_train_0716.jpg,
pcb1,train,normal,pcb1/Data/Images/Normal/pcb1_train_0717.jpg,
pcb1,train,normal,pcb1/Data/Images/Normal/pcb1_train_0718.jpg,
pcb1,train,normal,pcb1/Data/Images/Normal/pcb1_train_0719.jpg,
pcb1,train,normal,pcb1/Data/Images/Normal/pcb1_train_0720.jpg,
pcb1,train,normal,pcb1/Data/Images/Normal/pcb1_train_0721.jpg,
pcb1,train,normal,pcb1/Data/Images/Normal/pcb1_train_0722.jpg,
pcb1,train,normal,pcb1/Data/Images/Normal/pcb1_train_0723.jpg,
pcb1,train,normal,pcb1/Data/Images/Normal/pcb1_train_0724.jpg,
pcb1,train,normal,pcb1/Data/Images/Normal/pcb1_train_0725.jpg,
pcb1,train,normal,pcb1/Data/Images/Normal/pcb1_train_0726.jpg,
pcb1,train,normal,pcb1/Data/Images/Normal/pcb1_train_0727.jpg,
pcb1,train,normal,pcb1/Data/Images/Normal/pcb1_train_0728.jpg,
pcb1,train,normal,pcb1/Data/Images/Normal/pcb1_train_0729.jpg,
pcb1,train,normal,pcb1/Data/Images/Normal/pcb1_train_0730.jpg,
pcb1,train,normal,pcb1/Data/Images/Normal/pcb1_train_0731.jpg,
pcb1,train,normal,pcb1/Data/Images/Normal/pcb1_train_0732.jpg,
pcb1,train,normal,pcb1/Data/Images/Normal/pcb1_train_0733.jpg,
pcb1,train,normal,pcb1/Data/Images/Normal/pcb1_train_0734.jpg,
pcb1,train,normal,pcb1/Data/Images/Normal/pcb1_train_0735.jpg,
pcb1,train,normal,pcb1/Data/Images/Normal/pcb1_train_0736.jpg,
pcb1,train,normal,pcb1/Data/Images/Normal/pcb1_train_0737.jpg,
pcb1,train,normal,pcb1/Data/Images/Normal/pcb1_train_0738.jpg,
pcb1,train,normal,pcb1/Data/Images/Normal/pcb1_train_0739.jpg,
pcb1,train,normal,pcb1/Data/Images/Normal/pcb1_train_0740.jpg,
pcb1,train,normal,pcb1/Data/Images/Normal/pcb1_train_0741.jpg,
pcb1,train,normal,pcb1/Data/Images/Normal/pcb1_train_0742.jpg,
pcb1,train,normal,pcb1/Data/Images/Normal/pcb1_train_0743.jpg,
pcb1,train,normal,pcb1/Data/Images/Normal/pcb1_train_0744.jpg,
pcb1,train,normal,pcb1/Data/Images/Normal/pcb1_train_0745.jpg,
pcb1,train,normal,pcb1/Data/Images/Normal/pcb1_train_0746.jpg,
pcb1,train,normal,pcb1/Data/Images/Normal/pcb1_train_0747.jpg,
pcb1,train,normal,pcb1/Data/Images/Normal/pcb1_train_0748.jpg,
pcb1,train,normal,pcb1/Data/Images/Normal/pcb1_train_0749.jpg,
pcb1,train,normal,pcb1/Data/Images/Normal/pcb1_train_0750.jpg,
pcb1,train,normal,pcb1/Data/Images/Normal/pcb1_train_0751.jpg,
pcb1,train,normal,pcb1/Data/Images/Normal/pcb1_train_0752.jpg,
pcb1,train,normal,pcb1/Data/Images/Normal/pcb1_train_0753.jpg,
pcb1,train,normal,pcb1/Data/Images/Normal/pcb1_train_0754.jpg,
pcb1,train,normal,pcb1/Data/Images/Normal/pcb1_train_0755.jpg,
pcb1,train,normal,pcb1/Data/Images/Normal/pcb1_train_0756.jpg,
pcb1,train,normal,pcb1/Data/Images/Normal/pcb1_train_0757.jpg,
pcb1,train,normal,pcb1/Data/Images/Normal/pcb1_train_0758.jpg,
pcb1,train,normal,pcb1/Data/Images/Normal/pcb1_train_0759.jpg,
pcb1,train,normal,pcb1/Data/Images/Normal/pcb1_train_0760.jpg,
pcb1,train,normal,pcb1/Data/Images/Normal/pcb1_train_0761.jpg,
pcb1,train,normal,pcb1/Data/Images/Normal/pcb1_train_0762.jpg,
pcb1,train,normal,pcb1/Data/Images/Normal/pcb1_train_0763.jpg,
pcb1,train,normal,pcb1/Data/Images/Normal/pcb1_train_0764.jpg,
pcb1,train,normal,pcb1/Data/Images/Normal/pcb1_train_0765.jpg,
pcb1,train,normal,pcb1/Data/Images/Normal/pcb1_train_0766.jpg,
pcb1,train,normal,pcb1/Data/Images/Normal/pcb1_train_0767.jpg,
pcb1,train,normal,pcb1/Data/Images/Normal/pcb1_train_0768.jpg,
pcb1,train,normal,pcb1/Data/Images/Normal/pcb1_train_0769.jpg,
pcb1,train,normal,pcb1/Data/Images/Normal/pcb1_train_0770.jpg,
pcb1,train,normal,pcb1/Data/Images/Normal/pcb1_train_0771.jpg,
pcb1,train,normal,pcb1/Data/Images/Normal/pcb1_train_0772.jpg,
pcb1,train,normal,pcb1/Data/Images/Normal/pcb1_train_0773.jpg,
pcb1,train,normal,pcb1/Data/Images/Normal/pcb1_train_0774.jpg,
pcb1,train,normal,pcb1/Data/Images/Normal/pcb1_train_0775.jpg,
pcb1,train,normal,pcb1/Data/Images/Normal/pcb1_train_0776.jpg,
pcb1,train,normal,pcb1/Data/Images/Normal/pcb1_train_0777.jpg,
pcb1,train,normal,pcb1/Data/Images/Normal/pcb1_train_0778.jpg,
pcb1,train,normal,pcb1/Data/Images/Normal/pcb1_train_0779.jpg,
pcb1,train,normal,pcb1/Data/Images/Normal/pcb1_train_0780.jpg,
pcb1,train,normal,pcb1/Data/Images/Normal/pcb1_train_0781.jpg,
pcb1,train,normal,pcb1/Data/Images/Normal/pcb1_train_0782.jpg,
pcb1,train,normal,pcb1/Data/Images/Normal/pcb1_train_0783.jpg,
pcb1,train,normal,pcb1/Data/Images/Normal/pcb1_train_0784.jpg,
pcb1,train,normal,pcb1/Data/Images/Normal/pcb1_train_0785.jpg,
pcb1,train,normal,pcb1/Data/Images/Normal/pcb1_train_0786.jpg,
pcb1,train,normal,pcb1/Data/Images/Normal/pcb1_train_0787.jpg,
pcb1,train,normal,pcb1/Data/Images/Normal/pcb1_train_0788.jpg,
pcb1,train,normal,pcb1/Data/Images/Normal/pcb1_train_0789.jpg,
pcb1,train,normal,pcb1/Data/Images/Normal/pcb1_train_0790.jpg,
pcb1,train,normal,pcb1/Data/Images/Normal/pcb1_train_0791.jpg,
pcb1,train,normal,pcb1/Data/Images/Normal/pcb1_train_0792.jpg,
pcb1,train,normal,pcb1/Data/Images/Normal/pcb1_train_0793.jpg,
pcb1,train,normal,pcb1/Data/Images/Normal/pcb1_train_0794.jpg,
pcb1,train,normal,pcb1/Data/Images/Normal/pcb1_train_0795.jpg,
pcb1,train,normal,pcb1/Data/Images/Normal/pcb1_train_0796.jpg,
pcb1,train,normal,pcb1/Data/Images/Normal/pcb1_train_0797.jpg,
pcb1,train,normal,pcb1/Data/Images/Normal/pcb1_train_0798.jpg,
pcb1,train,normal,pcb1/Data/Images/Normal/pcb1_train_0799.jpg,
pcb1,train,normal,pcb1/Data/Images/Normal/pcb1_train_0800.jpg,
pcb1,train,normal,pcb1/Data/Images/Normal/pcb1_train_0801.jpg,
pcb1,train,normal,pcb1/Data/Images/Normal/pcb1_train_0802.jpg,
pcb1,train,normal,pcb1/Data/Images/Normal/pcb1_train_0803.jpg,
pcb1,train,normal,pcb1/Data/Images/Normal/pcb1_train_0804.jpg,
pcb1,train,normal,pcb1/Data/Images/Normal/pcb1_train_0805.jpg,
pcb1,train,normal,pcb1/Data/Images/Normal/pcb1_train_0806.jpg,
pcb1,train,normal,pcb1/Data/Images/Normal/pcb1_train_0807.jpg,
pcb1,train,normal,pcb1/Data/Images/Normal/pcb1_train_0808.jpg,
pcb1,train,normal,pcb1/Data/Images/Normal/pcb1_train_0809.jpg,
pcb1,train,normal,pcb1/Data/Images/Normal/pcb1_train_0810.jpg,
pcb1,train,normal,pcb1/Data/Images/Normal/pcb1_train_0811.jpg,
pcb1,train,normal,pcb1/Data/Images/Normal/pcb1_train_0812.jpg,
pcb1,train,normal,pcb1/Data/Images/Normal/pcb1_train_0813.jpg,
pcb1,train,normal,pcb1/Data/Images/Normal/pcb1_train_0814.jpg,
pcb1,train,normal,pcb1/Data/Images/Normal/pcb1_train_0815.jpg,
pcb1,train,normal,pcb1/Data/Images/Normal/pcb1_train_0816.jpg,
pcb1,train,normal,pcb1/Data/Images/Normal/pcb1_train_0817.jpg,
pcb1,train,normal,pcb1/Data/Images/Normal/pcb1_train_0818.jpg,
pcb1,train,normal,pcb1/Data/Images/Normal/pcb1_train_0819.jpg,
pcb1,train,normal,pcb1/Data/Images/Normal/pcb1_train_0820.jpg,
pcb1,train,normal,pcb1/Data/Images/Normal/pcb1_train_0821.jpg,
pcb1,train,normal,pcb1/Data/Images/Normal/pcb1_train_0822.jpg,
pcb1,train,normal,pcb1/Data/Images/Normal/pcb1_train_0823.jpg,
pcb1,train,normal,pcb1/Data/Images/Normal/pcb1_train_0824.jpg,
pcb1,train,normal,pcb1/Data/Images/Normal/pcb1_train_0825.jpg,
pcb1,train,normal,pcb1/Data/Images/Normal/pcb1_train_0826.jpg,
pcb1,train,normal,pcb1/Data/Images/Normal/pcb1_train_0827.jpg,
pcb1,train,normal,pcb1/Data/Images/Normal/pcb1_train_0828.jpg,
pcb1,train,normal,pcb1/Data/Images/Normal/pcb1_train_0829.jpg,
pcb1,train,normal,pcb1/Data/Images/Normal/pcb1_train_0830.jpg,
pcb1,train,normal,pcb1/Data/Images/Normal/pcb1_train_0831.jpg,
pcb1,train,normal,pcb1/Data/Images/Normal/pcb1_train_0832.jpg,
pcb1,train,normal,pcb1/Data/Images/Normal/pcb1_train_0833.jpg,
pcb1,train,normal,pcb1/Data/Images/Normal/pcb1_train_0834.jpg,
pcb1,train,normal,pcb1/Data/Images/Normal/pcb1_train_0835.jpg,
pcb1,train,normal,pcb1/Data/Images/Normal/pcb1_train_0836.jpg,
pcb1,train,normal,pcb1/Data/Images/Normal/pcb1_train_0837.jpg,
pcb1,train,normal,pcb1/Data/Images/Normal/pcb1_train_0838.jpg,
pcb1,train,normal,pcb1/Data/Images/Normal/pcb1_train_0839.jpg,
pcb1,train,normal,pcb1/Data/Images/Normal/pcb1_train_0840.jpg,
pcb1,train,normal,pcb1/Data/Images/Normal/pcb1_train_0841.jpg,
pcb1,train,normal,pcb1/Data/Images/Normal/pcb1_train_0842.jpg,
pcb1,train,normal,pcb1/Data/Images/Normal/pcb1_train_0843.jpg,
pcb1,train,normal,pcb1/Data/Images/Normal/pcb1_train_0844.jpg,
pcb1,train,normal,pcb1/Data/Images/Normal/pcb1_train_0845.jpg,
pcb1,train,normal,pcb1/Data/Images/Normal/pcb1_train_0846.jpg,
pcb1,train,normal,pcb1/Data/Images/Normal/pcb1_train_0847.jpg,
pcb1,train,normal,pcb1/Data/Images/Normal/pcb1_train_0848.jpg,
pcb1,train,normal,pcb1/Data/Images/Normal/pcb1_train_0849.jpg,
pcb1,train,normal,pcb1/Data/Images/Normal/pcb1_train_0850.jpg,
pcb1,train,normal,pcb1/Data/Images/Normal/pcb1_train_0851.jpg,
pcb1,train,normal,pcb1/Data/Images/Normal/pcb1_train_0852.jpg,
pcb1,train,normal,pcb1/Data/Images/Normal/pcb1_train_0853.jpg,
pcb1,train,normal,pcb1/Data/Images/Normal/pcb1_train_0854.jpg,
pcb1,train,normal,pcb1/Data/Images/Normal/pcb1_train_0855.jpg,
pcb1,train,normal,pcb1/Data/Images/Normal/pcb1_train_0856.jpg,
pcb1,train,normal,pcb1/Data/Images/Normal/pcb1_train_0857.jpg,
pcb1,train,normal,pcb1/Data/Images/Normal/pcb1_train_0858.jpg,
pcb1,train,normal,pcb1/Data/Images/Normal/pcb1_train_0859.jpg,
pcb1,train,normal,pcb1/Data/Images/Normal/pcb1_train_0860.jpg,
pcb1,train,normal,pcb1/Data/Images/Normal/pcb1_train_0861.jpg,
pcb1,train,normal,pcb1/Data/Images/Normal/pcb1_train_0862.jpg,
pcb1,train,normal,pcb1/Data/Images/Normal/pcb1_train_0863.jpg,
pcb1,train,normal,pcb1/Data/Images/Normal/pcb1_train_0864.jpg,
pcb1,train,normal,pcb1/Data/Images/Normal/pcb1_train_0865.jpg,
pcb1,train,normal,pcb1/Data/Images/Normal/pcb1_train_0866.jpg,
pcb1,train,normal,pcb1/Data/Images/Normal/pcb1_train_0867.jpg,
pcb1,train,normal,pcb1/Data/Images/Normal/pcb1_train_0868.jpg,
pcb1,train,normal,pcb1/Data/Images/Normal/pcb1_train_0869.jpg,
pcb1,train,normal,pcb1/Data/Images/Normal/pcb1_train_0870.jpg,
pcb1,train,normal,pcb1/Data/Images/Normal/pcb1_train_0871.jpg,
pcb1,train,normal,pcb1/Data/Images/Normal/pcb1_train_0872.jpg,
pcb1,train,normal,pcb1/Data/Images/Normal/pcb1_train_0873.jpg,
pcb1,train,normal,pcb1/Data/Images/Normal/pcb1_train_0874.jpg,
pcb1,train,normal,pcb1/Data/Images/Normal/pcb1_train_0875.jpg,
pcb1,train,normal,pcb1/Data/Images/Normal/pcb1_train_0876.jpg,
pcb1,train,normal,pcb1/Data/Images/Normal/pcb1_train_0877.jpg,
pcb1,train,normal,pcb1/Data/Images/Normal/pcb1_train_0878.jpg,
pcb1,train,normal,pcb1/Data/Images/Normal/pcb1_train_0879.jpg,
pcb1,train,normal,pcb1/Data/Images/Normal/pcb1_train_0880.jpg,
pcb1,train,normal,pcb1/Data/Images/Normal/pcb1_train_0881.jpg,
pcb1,train,normal,pcb1/Data/Images/Normal/pcb1_train_0882.jpg,
pcb1,train,normal,pcb1/Data/Images/Normal/pcb1_train_0883.jpg,
pcb1,train,normal,pcb1/Data/Images/Normal/pcb1_train_0884.jpg,
pcb1,train,normal,pcb1/Data/Images/Normal/pcb1_train_0885.jpg,
pcb1,train,normal,pcb1/Data/Images/Normal/pcb1_train_0886.jpg,
pcb1,train,normal,pcb1/Data/Images/Normal/pcb1_train_0887.jpg,
pcb1,train,normal,pcb1/Data/Images/Normal/pcb1_train_0888.jpg,
pcb1,train,normal,pcb1/Data/Images/Normal/pcb1_train_0889.jpg,
pcb1,train,normal,pcb1/Data/Images/Normal/pcb1_train_0890.jpg,
pcb1,train,normal,pcb1/Data/Images/Normal/pcb1_train_0891.jpg,
pcb1,train,normal,pcb1/Data/Images/Normal/pcb1_train_0892.jpg,
pcb1,train,normal,pcb1/Data/Images/Normal/pcb1_train_0893.jpg,
pcb1,train,normal,pcb1/Data/Images/Normal/pcb1_train_0894.jpg,
pcb1,train,normal,pcb1/Data/Images/Normal/pcb1_train_0895.jpg,
pcb1,train,normal,pcb1/Data/Images/Normal/pcb1_train_0896.jpg,
pcb1,train,normal,pcb1/Data/Images/Normal/pcb1_train_0897.jpg,
pcb1,train,normal,pcb1/Data/Images/Normal/pcb1_train_0898.jpg,
pcb1,train,normal,pcb1/Data/Images/Normal/pcb1_train_0899.jpg,
pcb1,train,normal,pcb1/Data/Images/Normal/pcb1_train_0900.jpg,
pcb1,train,normal,pcb1/Data/Images/Normal/pcb1_train_0901.jpg,
pcb1,train,normal,pcb1/Data/Images/Normal/pcb1_train_0902.jpg,
pcb1,train,normal,pcb1/Data/Images/Normal/pcb1_train_0903.jpg,
pcb1,test,anomaly,pcb1/Data/Images/Anomaly/pcb1_test_0000.jpg,pcb1/Data/Masks/Anomaly/pcb1_test_0000.png
pcb1,test,anomaly,pcb1/Data/Images/Anomaly/pcb1_test_0001.jpg,pcb1/Data/Masks/Anomaly/pcb1_test_0001.png
pcb1,test,anomaly,pcb1/Data/Images/Anomaly/pcb1_test_0002.jpg,pcb1/Data/Masks/Anomaly/pcb1_test_0002.png
pcb1,test,anomaly,pcb1/Data/Images/Anomaly/pcb1_test_0003.jpg,pcb1/Data/Masks/Anomaly/pcb1_test_0003.png
pcb1,test,anomaly,pcb1/Data/Images/Anomaly/pcb1_test_0004.jpg,pcb1/Data/Masks/Anomaly/pcb1_test_0004.png
pcb1,test,anomaly,pcb1/Data/Images/Anomaly/pcb1_test_0005.jpg,pcb1/Data/Masks/Anomaly/pcb1_test_0005.png
pcb1,test,anomaly,pcb1/Data/Images/Anomaly/pcb1_test_0006.jpg,pcb1/Data/Masks/Anomaly/pcb1_test_0006.png
pcb1,test,anomaly,pcb1/Data/Images/Anomaly/pcb1_test_0007.jpg,pcb1/Data/Masks/Anomaly/pcb1_test_0007.png
pcb1,test,anomaly,pcb1/Data/Images/Anomaly/pcb1_test_0008.jpg,pcb1/Data/Masks/Anomaly/pcb1_test_0008.png
pcb1,test,anomaly,pcb1/Data/Images/Anomaly/pcb1_test_0009.jpg,pcb1/Data/Masks/Anomaly/pcb1_test_0009.png
pcb1,test,anomaly,pcb1/Data/Images/Anomaly/pcb1_test_0010.jpg,pcb1/Data/Masks/Anomaly/pcb1_test_0010.png
pcb1,test,anomaly,pcb1/Data/Images/Anomaly/pcb1_test_0011.jpg,pcb1/Data/Masks/Anomaly/pcb1_test_0011.png
pcb1,test,anomaly,pcb1/Data/Images/Anomaly/pcb1_test_0012.jpg,pcb1/Data/Masks/Anomaly/pcb1_test_0012.png
pcb1,test,anomaly,pcb1/Data/Images/Anomaly/pcb1_test_0013.jpg,pcb1/Data/Masks/Anomaly/pcb1_test_0013.png
pcb1,test,anomaly,pcb1/Data/Images/Anomaly/pcb1_test_0014.jpg,pcb1/Data/Masks/Anomaly/pcb1_test_0014.png
pcb1,test,anomaly,pcb1/Data/Images/Anomaly/pcb1_test_0015.jpg,pcb1/Data/Masks/Anomaly/pcb1_test_0015.png
pcb1,test,anomaly,pcb1/Data/Images/Anomaly/pcb1_test_0016.jpg,pcb1/Data/Masks/Anomaly/pcb1_test_0016.png
pcb1,test,anomaly,pcb1/Data/Images/Anomaly/pcb1_test_0017.jpg,pcb1/Data/Masks/Anomaly/pcb1_test_0017.png
pcb1,test,anomaly,pcb1/Data/Images/Anomaly/pcb1_test_0018.jpg,pcb1/Data/Masks/Anomaly/pcb1_test_0018.png
pcb1,test,anomaly,pcb1/Data/Images/Anomaly/pcb1_test_0019.jpg,pcb1/Data/Masks/Anomaly/pcb1_test_0019.png
pcb1,test,anomaly,pcb1/Data/Images/Anomaly/pcb1_test_0020.jpg,pcb1/Data/Masks/Anomaly/pcb1_test_0020.png
pcb1,test,anomaly,pcb1/Data/Images/Anomaly/pcb1_test_0021.jpg,pcb1/Data/Masks/Anomaly/pcb1_test_0021.png
pcb1,test,anomaly,pcb1/Data/Images/Anomaly/pcb1_test_0022.jpg,pcb1/Data/Masks/Anomaly/pcb1_test_0022.png
pcb1,test,anomaly,pcb1/Data/Images/Anomaly/pcb1_test_0023.jpg,pcb1/Data/Masks/Anomaly/pcb1_test_0023.png
pcb1,test,anomaly,pcb1/Data/Images/Anomaly/pcb1_test_0024.jpg,pcb1/Data/Masks/Anomaly/pcb1_test_0024.png
pcb1,test,anomaly,pcb1/Data/Images/Anomaly/pcb1_test_0025.jpg,pcb1/Data/Masks/Anomaly/pcb1_test_0025.png
pcb1,test,anomaly,pcb1/Data/Images/Anomaly/pcb1_test_0026.jpg,pcb1/Data/Masks/Anomaly/pcb1_test_0026.png
pcb1,test,anomaly,pcb1/Data/Images/Anomaly/pcb1_test_0027.jpg,pcb1/Data/Masks/Anomaly/pcb1_test_0027.png
pcb1,test,anomaly,pcb1/Data/Images/Anomaly/pcb1_test_0028.jpg,pcb1/Data/Masks/Anomaly/pcb1_test_0028.png
pcb1,test,anomaly,pcb1/Data/Images/Anomaly/pcb1_test_0029.jpg,pcb1/Data/Masks/Anomaly/pcb1_test_0029.png
pcb1,test,anomaly,pcb1/Data/Images/Anomaly/pcb1_test_0030.jpg,pcb1/Data/Masks/Anomaly/pcb1_test_0030.png
pcb1,test,anomaly,pcb1/Data/Images/Anomaly/pcb1_test_0031.jpg,pcb1/Data/Masks/Anomaly/pcb1_test_0031.png
pcb1,test,anomaly,pcb1/Data/Images/Anomaly/pcb1_test_0032.jpg,pcb1/Data/Masks/Anomaly/pcb1_test_0032.png
pcb1,test,anomaly,pcb1/Data/Images/Anomaly/pcb1_test_0033.jpg,pcb1/Data/Masks/Anomaly/pcb1_test_0033.png
pcb1,test,anomaly,pcb1/Data/Images/Anomaly/pcb1_test_0034.jpg,pcb1/Data/Masks/Anomaly/pcb1_test_0034.png
pcb1,test,anomaly,pcb1/Data/Images/Anomaly/pcb1_test_0035.jpg,pcb1/Data/Masks/Anomaly/pcb1_test_0035.png
pcb1,test,anomaly,pcb1/Data/Images/Anomaly/pcb1_test_0036.jpg,pcb1/Data/Masks/Anomaly/pcb1_test_0036.png
pcb1,test,anomaly,pcb1/Data/Images/Anomaly/pcb1_test_0037.jpg,pcb1/Data/Masks/Anomaly/pcb1_test_0037.png
pcb1,test,anomaly,pcb1/Data/Images/Anomaly/pcb1_test_0038.jpg,pcb1/Data/Masks/Anomaly/pcb1_test_0038.png
pcb1,test,anomaly,pcb1/Data/Images/Anomaly/pcb1_test_0039.jpg,pcb1/Data/Masks/Anomaly/pcb1_test_0039.png
pcb1,test,anomaly,pcb1/Data/Images/Anomaly/pcb1_test_0040.jpg,pcb1/Data/Masks/Anomaly/pcb1_test_0040.png
pcb1,test,anomaly,pcb1/Data/Images/Anomaly/pcb1_test_0041.jpg,pcb1/Data/Masks/Anomaly/pcb1_test_0041.png
pcb1,test,anomaly,pcb1/Data/Images/Anomaly/pcb1_test_0042.jpg,pcb1/Data/Masks/Anomaly/pcb1_test_0042.png
pcb1,test,anomaly,pcb1/Data/Images/Anomaly/pcb1_test_0043.jpg,pcb1/Data/Masks/Anomaly/pcb1_test_0043.png
pcb1,test,anomaly,pcb1/Data/Images/Anomaly/pcb1_test_0044.jpg,pcb1/Data/Masks/Anomaly/pcb1_test_0044.png
pcb1,test,anomaly,pcb1/Data/Images/Anomaly/pcb1_test_0045.jpg,pcb1/Data/Masks/Anomaly/pcb1_test_0045.png
pcb1,test,anomaly,pcb1/Data/Images/Anomaly/pcb1_test_0046.jpg,pcb1/Data/Masks/Anomaly/pcb1_test_0046.png
pcb1,test,anomaly,pcb1/Data/Images/Anomaly/pcb1_test_0047.jpg,pcb1/Data/Masks/Anomaly/pcb1_test_0047.png
pcb1,test,anomaly,pcb1/Data/Images/Anomaly/pcb1_test_0048.jpg,pcb1/Data/Masks/Anomaly/pcb1_test_0048.png
pcb1,test,anomaly,pcb1/Data/Images/Anomaly/pcb1_test_0049.jpg,pcb1/Data/Masks/Anomaly/pcb1_test_0049.png
pcb1,test,anomaly,pcb1/Data/Images/Anomaly/pcb1_test_0050.jpg,pcb1/Data/Masks/Anomaly/pcb1_test_0050.png
pcb1,test,anomaly,pcb1/Data/Images/Anomaly/pcb1_test_0051.jpg,pcb1/Data/Masks/Anomaly/pcb1_test_0051.png
pcb1,test,anomaly,pcb1/Data/Images/Anomaly/pcb1_test_0052.jpg,pcb1/Data/Masks/Anomaly/pcb1_test_0052.png
pcb1,test,anomaly,pcb1/Data/Images/Anomaly/pcb1_test_0053.jpg,pcb1/Data/Masks/Anomaly/pcb1_test_0053.png
pcb1,test,anomaly,pcb1/Data/Images/Anomaly/pcb1_test_0054.jpg,pcb1/Data/Masks/Anomaly/pcb1_test_0054.png
pcb1,test,anomaly,pcb1/Data/Images/Anomaly/pcb1_test_0055.jpg,pcb1/Data/Masks/Anomaly/pcb1_test_0055.png
pcb1,test,anomaly,pcb1/Data/Images/Anomaly/pcb1_test_0056.jpg,pcb1/Data/Masks/Anomaly/pcb1_test_0056.png
pcb1,test,anomaly,pcb1/Data/Images/Anomaly/pcb1_test_0057.jpg,pcb1/Data/Masks/Anomaly/pcb1_test_0057.png
pcb1,test,anomaly,pcb1/Data/Images/Anomaly/pcb1_test_0058.jpg,pcb1/Data/Masks/Anomaly/pcb1_test_0058.png
pcb1,test,anomaly,pcb1/Data/Images/Anomaly/pcb1_test_0059.jpg,pcb1/Data/Masks/Anomaly/pcb1_test_0059.png
pcb1,test,anomaly,pcb1/Data/Images/Anomaly/pcb1_test_0060.jpg,pcb1/Data/Masks/Anomaly/pcb1_test_0060.png
pcb1,test,anomaly,pcb1/Data/Images/Anomaly/pcb1_test_0061.jpg,pcb1/Data/Masks/Anomaly/pcb1_test_0061.png
pcb1,test,anomaly,pcb1/Data/Images/Anomaly/pcb1_test_0062.jpg,pcb1/Data/Masks/Anomaly/pcb1_test_0062.png
pcb1,test,anomaly,pcb1/Data/Images/Anomaly/pcb1_test_0063.jpg,pcb1/Data/Masks/Anomaly/pcb1_test_0063.png
pcb1,test,anomaly,pcb1/Data/Images/Anomaly/pcb1_test_0064.jpg,pcb1/Data/Masks/Anomaly/pcb1_test_0064.png
pcb1,test,anomaly,pcb1/Data/Images/Anomaly/pcb1_test_0065.jpg,pcb1/Data/Masks/Anomaly/pcb1_test_0065.png
pcb1,test,anomaly,pcb1/Data/Images/Anomaly/pcb1_test_0066.jpg,pcb1/Data/Masks/Anomaly/pcb1_test_0066.png
pcb1,test,anomaly,pcb1/Data/Images/Anomaly/pcb1_test_0067.jpg,pcb1/Data/Masks/Anomaly/pcb1_test_0067.png
pcb1,test,anomaly,pcb1/Data/Images/Anomaly/pcb1_test_0068.jpg,pcb1/Data/Masks/Anomaly/pcb1_test_0068.png
pcb1,test,anomaly,pcb1/Data/Images/Anomaly/pcb1_test_0069.jpg,pcb1/Data/Masks/Anomaly/pcb1_test_0069.png
pcb1,test,anomaly,pcb1/Data/Images/Anomaly/pcb1_test_0070.jpg,pcb1/Data/Masks/Anomaly/pcb1_test_0070.png
pcb1,test,anomaly,pcb1/Data/Images/Anomaly/pcb1_test_0071.jpg,pcb1/Data/Masks/Anomaly/pcb1_test_0071.png
pcb1,test,anomaly,pcb1/Data/Images/Anomaly/pcb1_test_0072.jpg,pcb1/Data/Masks/Anomaly/pcb1_test_0072.png
pcb1,test,anomaly,pcb1/Data/Images/Anomaly/pcb1_test_0073.jpg,pcb1/Data/Masks/Anomaly/pcb1_test_0073.png
pcb1,test,anomaly,pcb1/Data/Images/Anomaly/pcb1_test_0074.jpg,pcb1/Data/Masks/Anomaly/pcb1_test_0074.png
pcb1,test,anomaly,pcb1/Data/Images/Anomaly/pcb1_test_0075.jpg,pcb1/Data/Masks/Anomaly/pcb1_test_0075.png
pcb1,test,anomaly,pcb1/Data/Images/Anomaly/pcb1_test_0076.jpg,pcb1/Data/Masks/Anomaly/pcb1_test_0076.png
pcb1,test,anomaly,pcb1/Data/Images/Anomaly/pcb1_test_0077.jpg,pcb1/Data/Masks/Anomaly/pcb1_test_0077.png
pcb1,test,anomaly,pcb1/Data/Images/Anomaly/pcb1_test_0078.jpg,pcb1/Data/Masks/Anomaly/pcb1_test_0078.png
pcb1,test,anomaly,pcb1/Data/Images/Anomaly/pcb1_test_0079.jpg,pcb1/Data/Masks/Anomaly/pcb1_test_0079.png
pcb1,test,anomaly,pcb1/Data/Images/Anomaly/pcb1_test_0080.jpg,pcb1/Data/Masks/Anomaly/pcb1_test_0080.png
pcb1,test,anomaly,pcb1/Data/Images/Anomaly/pcb1_test_0081.jpg,pcb1/Data/Masks/Anomaly/pcb1_test_0081.png
pcb1,test,anomaly,pcb1/Data/Images/Anomaly/pcb1_test_0082.jpg,pcb1/Data/Masks/Anomaly/pcb1_test_0082.png
pcb1,test,anomaly,pcb1/Data/Images/Anomaly/pcb1_test_0083.jpg,pcb1/Data/Masks/Anomaly/pcb1_test_0083.png
pcb1,test,anomaly,pcb1/Data/Images/Anomaly/pcb1_test_0084.jpg,pcb1/Data/Masks/Anomaly/pcb1_test_0084.png
pcb1,test,anomaly,pcb1/Data/Images/Anomaly/pcb1_test_0085.jpg,pcb1/Data/Masks/Anomaly/pcb1_test_0085.png
pcb1,test,anomaly,pcb1/Data/Images/Anomaly/pcb1_test_0086.jpg,pcb1/Data/Masks/Anomaly/pcb1_test_0086.png
pcb1,test,anomaly,pcb1/Data/Images/Anomaly/pcb1_test_0087.jpg,pcb1/Data/Masks/Anomaly/pcb1_test_0087.png
pcb1,test,anomaly,pcb1/Data/Images/Anomaly/pcb1_test_0088.jpg,pcb1/Data/Masks/Anomaly/pcb1_test_0088.png
pcb1,test,anomaly,pcb1/Data/Images/Anomaly/pcb1_test_0089.jpg,pcb1/Data/Masks/Anomaly/pcb1_test_0089.png
pcb1,test,anomaly,pcb1/Data/Images/Anomaly/pcb1_test_0090.jpg,pcb1/Data/Masks/Anomaly/pcb1_test_0090.png
pcb1,test,anomaly,pcb1/Data/Images/Anomaly/pcb1_test_0091.jpg,pcb1/Data/Masks/Anomaly/pcb1_test_0091.png
pcb1,test,anomaly,pcb1/Data/Images/Anomaly/pcb1_test_0092.jpg,pcb1/Data/Masks/Anomaly/pcb1_test_0092.png
pcb1,test,anomaly,pcb1/Data/Images/Anomaly/pcb1_test_0093.jpg,pcb1/Data/Masks/Anomaly/pcb1_test_0093.png
pcb1,test,anomaly,pcb1/Data/Images/Anomaly/pcb1_test_0094.jpg,pcb1/Data/Masks/Anomaly/pcb1_test_0094.png
pcb1,test,anomaly,pcb1/Data/Images/Anomaly/pcb1_test_0095.jpg,pcb1/Data/Masks/Anomaly/pcb1_test_0095.png
pcb1,test,anomaly,pcb1/Data/Images/Anomaly/pcb1_test_0096.jpg,pcb1/Data/Masks/Anomaly/pcb1_test_0096.png
pcb1,test,anomaly,pcb1/Data/Images/Anomaly/pcb1_test_0097.jpg,pcb1/Data/Masks/Anomaly/pcb1_test_0097.png
pcb1,test,anomaly,pcb1/Data/Images/Anomaly/pcb1_test_0098.jpg,pcb1/Data/Masks/Anomaly/pcb1_test_0098.png
pcb1,test,anomaly,pcb1/Data/Images/Anomaly/pcb1_test_0099.jpg,pcb1/Data/Masks/Anomaly/pcb1_test_0099.png
pcb1,test,normal,pcb1/Data/Images/Normal/pcb1_test_0100.jpg,
pcb1,test,normal,pcb1/Data/Images/Normal/pcb1_test_0101.jpg,
pcb1,test,normal,pcb1/Data/Images/Normal/pcb1_test_0102.jpg,
pcb1,test,normal,pcb1/Data/Images/Normal/pcb1_test_0103.jpg,
pcb1,test,normal,pcb1/Data/Images/Normal/pcb1_test_0104.jpg,
pcb1,test,normal,pcb1/Data/Images/Normal/pcb1_test_0105.jpg,
pcb1,test,normal,pcb1/Data/Images/Normal/pcb1_test_0106.jpg,
pcb1,test,normal,pcb1/Data/Images/Normal/pcb1_test_0107.jpg,
pcb1,test,normal,pcb1/Data/Images/Normal/pcb1_test_0108.jpg,
pcb1,test,normal,pcb1/Data/Images/Normal/pcb1_test_0109.jpg,
pcb1,test,normal,pcb1/Data/Images/Normal/pcb1_test_0110.jpg,
pcb1,test,normal,pcb1/Data/Images/Normal/pcb1_test_0111.jpg,
pcb1,test,normal,pcb1/Data/Images/Normal/pcb1_test_0112.jpg,
pcb1,test,normal,pcb1/Data/Images/Normal/pcb1_test_0113.jpg,
pcb1,test,normal,pcb1/Data/Images/Normal/pcb1_test_0114.jpg,
pcb1,test,normal,pcb1/Data/Images/Normal/pcb1_test_0115.jpg,
pcb1,test,normal,pcb1/Data/Images/Normal/pcb1_test_0116.jpg,
pcb1,test,normal,pcb1/Data/Images/Normal/pcb1_test_0117.jpg,
pcb1,test,normal,pcb1/Data/Images/Normal/pcb1_test_0118.jpg,
pcb1,test,normal,pcb1/Data/Images/Normal/pcb1_test_0119.jpg,
pcb1,test,normal,pcb1/Data/Images/Normal/pcb1_test_0120.jpg,
pcb1,test,normal,pcb1/Data/Images/Normal/pcb1_test_0121.jpg,
pcb1,test,normal,pcb1/Data/Images/Normal/pcb1_test_0122.jpg,
pcb1,test,normal,pcb1/Data/Images/Normal/pcb1_test_0123.jpg,
pcb1,test,normal,pcb1/Data/Images/Normal/pcb1_test_0124.jpg,
pcb1,test,normal,pcb1/Data/Images/Normal/pcb1_test_0125.jpg,
pcb1,test,normal,pcb1/Data/Images/Normal/pcb1_test_0126.jpg,
pcb1,test,normal,pcb1/Data/Images/Normal/pcb1_test_0127.jpg,
pcb1,test,normal,pcb1/Data/Images/Normal/pcb1_test_0128.jpg,
pcb1,test,normal,pcb1/Data/Images/Normal/pcb1_test_0129.jpg,
pcb1,test,normal,pcb1/Data/Images/Normal/pcb1_test_0130.jpg,
pcb1,test,normal,pcb1/Data/Images/Normal/pcb1_test_0131.jpg,
pcb1,test,normal,pcb1/Data/Images/Normal/pcb1_test_0132.jpg,
pcb1,test,normal,pcb1/Data/Images/Normal/pcb1_test_0133.jpg,
pcb1,test,normal,pcb1/Data/Images/Normal/pcb1_test_0134.jpg,
pcb1,test,normal,pcb1/Data/Images/Normal/pcb1_test_0135.jpg,
pcb1,test,normal,pcb1/Data/Images/Normal/pcb1_test_0136.jpg,
pcb1,test,normal,pcb1/Data/Images/Normal/pcb1_test_0137.jpg,
pcb1,test,normal,pcb1/Data/Images/Normal/pcb1_test_0138.jpg,
pcb1,test,normal,pcb1/Data/Images/Normal/pcb1_test_0139.jpg,
pcb1,test,normal,pcb1/Data/Images/Normal/pcb1_test_0140.jpg,
pcb1,test,normal,pcb1/Data/Images/Normal/pcb1_test_0141.jpg,
pcb1,test,normal,pcb1/Data/Images/Normal/pcb1_test_0142.jpg,
pcb1,test,normal,pcb1/Data/Images/Normal/pcb1_test_0143.jpg,
pcb1,test,normal,pcb1/Data/Images/Normal/pcb1_test_0144.jpg,
pcb1,test,normal,pcb1/Data/Images/Normal/pcb1_test_0145.jpg,
pcb1,test,normal,pcb1/Data/Images/Normal/pcb1_test_0146.jpg,
pcb1,test,normal,pcb1/Data/Images/Normal/pcb1_test_0147.jpg,
pcb1,test,normal,pcb1/Data/Images/Normal/pcb1_test_0148.jpg,
pcb1,test,normal,pcb1/Data/Images/Normal/pcb1_test_0149.jpg,
pcb1,test,normal,pcb1/Data/Images/Normal/pcb1_test_0150.jpg,
pcb1,test,normal,pcb1/Data/Images/Normal/pcb1_test_0151.jpg,
pcb1,test,normal,pcb1/Data/Images/Normal/pcb1_test_0152.jpg,
pcb1,test,normal,pcb1/Data/Images/Normal/pcb1_test_0153.jpg,
pcb1,test,normal,pcb1/Data/Images/Normal/pcb1_test_0154.jpg,
pcb1,test,normal,pcb1/Data/Images/Normal/pcb1_test_0155.jpg,
pcb1,test,normal,pcb1/Data/Images/Normal/pcb1_test_0156.jpg,
pcb1,test,normal,pcb1/Data/Images/Normal/pcb1_test_0157.jpg,
pcb1,test,normal,pcb1/Data/Images/Normal/pcb1_test_0158.jpg,
pcb1,test,normal,pcb1/Data/Images/Normal/pcb1_test_0159.jpg,
pcb1,test,normal,pcb1/Data/Images/Normal/pcb1_test_0160.jpg,
pcb1,test,normal,pcb1/Data/Images/Normal/pcb1_test_0161.jpg,
pcb1,test,normal,pcb1/Data/Images/Normal/pcb1_test_0162.jpg,
pcb1,test,normal,pcb1/Data/Images/Normal/pcb1_test_0163.jpg,
pcb1,test,normal,pcb1/Data/Images/Normal/pcb1_test_0164.jpg,
pcb1,test,normal,pcb1/Data/Images/Normal/pcb1_test_0165.jpg,
pcb1,test,normal,pcb1/Data/Images/Normal/pcb1_test_0166.jpg,
pcb1,test,normal,pcb1/Data/Images/Normal/pcb1_test_0167.jpg,
pcb1,test,normal,pcb1/Data/Images/Normal/pcb1_test_0168.jpg,
pcb1,test,normal,pcb1/Data/Images/Normal/pcb1_test_0169.jpg,
pcb1,test,normal,pcb1/Data/Images/Normal/pcb1_test_0170.jpg,
pcb1,test,normal,pcb1/Data/Images/Normal/pcb1_test_0171.jpg,
pcb1,test,normal,pcb1/Data/Images/Normal/pcb1_test_0172.jpg,
pcb1,test,normal,pcb1/Data/Images/Normal/pcb1_test_0173.jpg,
pcb1,test,normal,pcb1/Data/Images/Normal/pcb1_test_0174.jpg,
pcb1,test,normal,pcb1/Data/Images/Normal/pcb1_test_0175.jpg,
pcb1,test,normal,pcb1/Data/Images/Normal/pcb1_test_0176.jpg,
pcb1,test,normal,pcb1/Data/Images/Normal/pcb1_test_0177.jpg,
pcb1,test,normal,pcb1/Data/Images/Normal/pcb1_test_0178.jpg,
pcb1,test,normal,pcb1/Data/Images/Normal/pcb1_test_0179.jpg,
pcb1,test,normal,pcb1/Data/Images/Normal/pcb1_test_0180.jpg,
pcb1,test,normal,pcb1/Data/Images/Normal/pcb1_test_0181.jpg,
pcb1,test,normal,pcb1/Data/Images/Normal/pcb1_test_0182.jpg,
pcb1,test,normal,pcb1/Data/Images/Normal/pcb1_test_0183.jpg,
pcb1,test,normal,pcb1/Data/Images/Normal/pcb1_test_0184.jpg,
pcb1,test,normal,pcb1/Data/Images/Normal/pcb1_test_0185.jpg,
pcb1,test,normal,pcb1/Data/Images/Normal/pcb1_test_0186.jpg,
pcb1,test,normal,pcb1/Data/Images/Normal/pcb1_test_0187.jpg,
pcb1,test,normal,pcb1/Data/Images/Normal/pcb1_test_0188.jpg,
pcb1,test,normal,pcb1/Data/Images/Normal/pcb1_test_0189.jpg,
pcb1,test,normal,pcb1/Data/Images/Normal/pcb1_test_0190.jpg,
pcb1,test,normal,pcb1/Data/Images/Normal/pcb1_test_0191.jpg,
pcb1,test,normal,pcb1/Data/Images/Normal/pcb1_test_0192.jpg,
pcb1,test,normal,pcb1/Data/Images/Normal/pcb1_test_0193.jpg,
pcb1,test,normal,pcb1/Data/Images/Normal/pcb1_test_0194.jpg,
pcb1,test,normal,pcb1/Data/Images/Normal/pcb1_test_0195.jpg,
pcb1,test,normal,pcb1/Data/Images/Normal/pcb1_test_0196.jpg,
pcb1,test,normal,pcb1/Data/Images/Normal/pcb1_test_0197.jpg,
pcb1,test,normal,pcb1/Data/Images/Normal/pcb1_test_0198.jpg,
pcb1,test,normal,pcb1/Data/Images/Normal/pcb1_test_0199.jpg,
